Workbook

Sheet Depressed
A1: word_1 | B1: word_2 | C1: Depressed | D1: Not_depressed | E1: All
A2: brown | B2: anger | C2: =('depressed breakdown 0-7'!A2+'depressed breakdown 0-7'!B2+'depressed breakdown 0-7'!C2+'depressed breakdown 0-7'!D2+'depressed breakdown 0-7'!E2+'depressed breakdown 0-7'!F2+'depressed breakdown 0-7'!G2+'depressed breakdown 0-7'!H2+'depressed breakdown 0-7'!I2+'depressed breakdown 0-7'!J2+'depressed breakdown 0-7'!K2+'depressed breakdown 0-7'!L2+'depressed breakdown 0-7'!M2+'depressed breakdown 0-7'!N2+'depressed breakdown 0-7'!O2+'depressed breakdown 0-7'!P2+'depressed breakdown 0-7'!Q2+'depressed breakdown 0-7'!R2)/18 -> 1.3888889 | D2: =('not depressed breakdwon 0-7'!D2+'not depressed breakdwon 0-7'!E2+'not depressed breakdwon 0-7'!F2+'not depressed breakdwon 0-7'!G2+'not depressed breakdwon 0-7'!I2+'not depressed breakdwon 0-7'!J2+'not depressed breakdwon 0-7'!K2+'not depressed breakdwon 0-7'!N2+'not depressed breakdwon 0-7'!O2+'not depressed breakdwon 0-7'!P2+'not depressed breakdwon 0-7'!Q2+'not depressed breakdwon 0-7'!R2+'not depressed breakdwon 0-7'!S2+'not depressed breakdwon 0-7'!T2+'not depressed breakdwon 0-7'!U2+'not depressed breakdwon 0-7'!W2+'not depressed breakdwon 0-7'!X2+'not depressed breakdwon 0-7'!Z2+'not depressed breakdwon 0-7'!AA2+'not depressed breakdwon 0-7'!AB2+'not depressed breakdwon 0-7'!AC2+'not depressed breakdwon 0-7'!AD2+'not depressed breakdwon 0-7'!AE2+'not depressed breakdwon 0-7'!AF2+'not depressed breakdwon 0-7'!AG2+'not depressed breakdwon 0-7'!AI2+'not depressed breakdwon 0-7'!AJ2+'not depressed breakdwon 0-7'!AK2+'not depressed breakdwon 0-7'!AL2+'not depressed breakdwon 0-7'!AO2+'not depressed breakdwon 0-7'!AP2+'not depressed breakdwon 0-7'!AR2+'not depressed breakdwon 0-7'!AS2+'not depressed breakdwon 0-7'!AT2+'not depressed breakdwon 0-7'!AU2+'not depressed breakdwon 0-7'!AV2+'not depressed breakdwon 0-7'!AW2)/37 -> 1.2702703 | E2: 1.1583333
A3: orange | B3: anxiety | C3: =('depressed breakdown 0-7'!A3+'depressed breakdown 0-7'!B3+'depressed breakdown 0-7'!C3+'depressed breakdown 0-7'!D3+'depressed breakdown 0-7'!E3+'depressed breakdown 0-7'!F3+'depressed breakdown 0-7'!G3+'depressed breakdown 0-7'!H3+'depressed breakdown 0-7'!I3+'depressed breakdown 0-7'!J3+'depressed breakdown 0-7'!K3+'depressed breakdown 0-7'!L3+'depressed breakdown 0-7'!M3+'depressed breakdown 0-7'!N3+'depressed breakdown 0-7'!O3+'depressed breakdown 0-7'!P3+'depressed breakdown 0-7'!Q3+'depressed breakdown 0-7'!R3)/18 -> 0.83333333 | D3: =('not depressed breakdwon 0-7'!D3+'not depressed breakdwon 0-7'!E3+'not depressed breakdwon 0-7'!F3+'not depressed breakdwon 0-7'!G3+'not depressed breakdwon 0-7'!I3+'not depressed breakdwon 0-7'!J3+'not depressed breakdwon 0-7'!K3+'not depressed breakdwon 0-7'!N3+'not depressed breakdwon 0-7'!O3+'not depressed breakdwon 0-7'!P3+'not depressed breakdwon 0-7'!Q3+'not depressed breakdwon 0-7'!R3+'not depressed breakdwon 0-7'!S3+'not depressed breakdwon 0-7'!T3+'not depressed breakdwon 0-7'!U3+'not depressed breakdwon 0-7'!W3+'not depressed breakdwon 0-7'!X3+'not depressed breakdwon 0-7'!Z3+'not depressed breakdwon 0-7'!AA3+'not depressed breakdwon 0-7'!AB3+'not depressed breakdwon 0-7'!AC3+'not depressed breakdwon 0-7'!AD3+'not depressed breakdwon 0-7'!AE3+'not depressed breakdwon 0-7'!AF3+'not depressed breakdwon 0-7'!AG3+'not depressed breakdwon 0-7'!AI3+'not depressed breakdwon 0-7'!AJ3+'not depressed breakdwon 0-7'!AK3+'not depressed breakdwon 0-7'!AL3+'not depressed breakdwon 0-7'!AO3+'not depressed breakdwon 0-7'!AP3+'not depressed breakdwon 0-7'!AR3+'not depressed breakdwon 0-7'!AS3+'not depressed breakdwon 0-7'!AT3+'not depressed breakdwon 0-7'!AU3+'not depressed breakdwon 0-7'!AV3+'not depressed breakdwon 0-7'!AW3)/37 -> 1.5945946 | E3: 1.55
A4: red | B4: yellow | C4: =('depressed breakdown 0-7'!A4+'depressed breakdown 0-7'!B4+'depressed breakdown 0-7'!C4+'depressed breakdown 0-7'!D4+'depressed breakdown 0-7'!E4+'depressed breakdown 0-7'!F4+'depressed breakdown 0-7'!G4+'depressed breakdown 0-7'!H4+'depressed breakdown 0-7'!I4+'depressed breakdown 0-7'!J4+'depressed breakdown 0-7'!K4+'depressed breakdown 0-7'!L4+'depressed breakdown 0-7'!M4+'depressed breakdown 0-7'!N4+'depressed breakdown 0-7'!O4+'depressed breakdown 0-7'!P4+'depressed breakdown 0-7'!Q4+'depressed breakdown 0-7'!R4)/18 -> 3.6111111 | D4: =('not depressed breakdwon 0-7'!D4+'not depressed breakdwon 0-7'!E4+'not depressed breakdwon 0-7'!F4+'not depressed breakdwon 0-7'!G4+'not depressed breakdwon 0-7'!I4+'not depressed breakdwon 0-7'!J4+'not depressed breakdwon 0-7'!K4+'not depressed breakdwon 0-7'!N4+'not depressed breakdwon 0-7'!O4+'not depressed breakdwon 0-7'!P4+'not depressed breakdwon 0-7'!Q4+'not depressed breakdwon 0-7'!R4+'not depressed breakdwon 0-7'!S4+'not depressed breakdwon 0-7'!T4+'not depressed breakdwon 0-7'!U4+'not depressed breakdwon 0-7'!W4+'not depressed breakdwon 0-7'!X4+'not depressed breakdwon 0-7'!Z4+'not depressed breakdwon 0-7'!AA4+'not depressed breakdwon 0-7'!AB4+'not depressed breakdwon 0-7'!AC4+'not depressed breakdwon 0-7'!AD4+'not depressed breakdwon 0-7'!AE4+'not depressed breakdwon 0-7'!AF4+'not depressed breakdwon 0-7'!AG4+'not depressed breakdwon 0-7'!AI4+'not depressed breakdwon 0-7'!AJ4+'not depressed breakdwon 0-7'!AK4+'not depressed breakdwon 0-7'!AL4+'not depressed breakdwon 0-7'!AO4+'not depressed breakdwon 0-7'!AP4+'not depressed breakdwon 0-7'!AR4+'not depressed breakdwon 0-7'!AS4+'not depressed breakdwon 0-7'!AT4+'not depressed breakdwon 0-7'!AU4+'not depressed breakdwon 0-7'!AV4+'not depressed breakdwon 0-7'!AW4)/37 -> 3.4594595 | E4: 3.875
A5: black | B5: blue | C5: =('depressed breakdown 0-7'!A5+'depressed breakdown 0-7'!B5+'depressed breakdown 0-7'!C5+'depressed breakdown 0-7'!D5+'depressed breakdown 0-7'!E5+'depressed breakdown 0-7'!F5+'depressed breakdown 0-7'!G5+'depressed breakdown 0-7'!H5+'depressed breakdown 0-7'!I5+'depressed breakdown 0-7'!J5+'depressed breakdown 0-7'!K5+'depressed breakdown 0-7'!L5+'depressed breakdown 0-7'!M5+'depressed breakdown 0-7'!N5+'depressed breakdown 0-7'!O5+'depressed breakdown 0-7'!P5+'depressed breakdown 0-7'!Q5+'depressed breakdown 0-7'!R5)/18 -> 4.5555556 | D5: =('not depressed breakdwon 0-7'!D5+'not depressed breakdwon 0-7'!E5+'not depressed breakdwon 0-7'!F5+'not depressed breakdwon 0-7'!G5+'not depressed breakdwon 0-7'!I5+'not depressed breakdwon 0-7'!J5+'not depressed breakdwon 0-7'!K5+'not depressed breakdwon 0-7'!N5+'not depressed breakdwon 0-7'!O5+'not depressed breakdwon 0-7'!P5+'not depressed breakdwon 0-7'!Q5+'not depressed breakdwon 0-7'!R5+'not depressed breakdwon 0-7'!S5+'not depressed breakdwon 0-7'!T5+'not depressed breakdwon 0-7'!U5+'not depressed breakdwon 0-7'!W5+'not depressed breakdwon 0-7'!X5+'not depressed breakdwon 0-7'!Z5+'not depressed breakdwon 0-7'!AA5+'not depressed breakdwon 0-7'!AB5+'not depressed breakdwon 0-7'!AC5+'not depressed breakdwon 0-7'!AD5+'not depressed breakdwon 0-7'!AE5+'not depressed breakdwon 0-7'!AF5+'not depressed breakdwon 0-7'!AG5+'not depressed breakdwon 0-7'!AI5+'not depressed breakdwon 0-7'!AJ5+'not depressed breakdwon 0-7'!AK5+'not depressed breakdwon 0-7'!AL5+'not depressed breakdwon 0-7'!AO5+'not depressed breakdwon 0-7'!AP5+'not depressed breakdwon 0-7'!AR5+'not depressed breakdwon 0-7'!AS5+'not depressed breakdwon 0-7'!AT5+'not depressed breakdwon 0-7'!AU5+'not depressed breakdwon 0-7'!AV5+'not depressed breakdwon 0-7'!AW5)/37 -> 3.7837838 | E5: 4.4583333
A6: green | B6: calm | C6: =('depressed breakdown 0-7'!A6+'depressed breakdown 0-7'!B6+'depressed breakdown 0-7'!C6+'depressed breakdown 0-7'!D6+'depressed breakdown 0-7'!E6+'depressed breakdown 0-7'!F6+'depressed breakdown 0-7'!G6+'depressed breakdown 0-7'!H6+'depressed breakdown 0-7'!I6+'depressed breakdown 0-7'!J6+'depressed breakdown 0-7'!K6+'depressed breakdown 0-7'!L6+'depressed breakdown 0-7'!M6+'depressed breakdown 0-7'!N6+'depressed breakdown 0-7'!O6+'depressed breakdown 0-7'!P6+'depressed breakdown 0-7'!Q6+'depressed breakdown 0-7'!R6)/18 -> 4.1111111 | D6: =('not depressed breakdwon 0-7'!D6+'not depressed breakdwon 0-7'!E6+'not depressed breakdwon 0-7'!F6+'not depressed breakdwon 0-7'!G6+'not depressed breakdwon 0-7'!I6+'not depressed breakdwon 0-7'!J6+'not depressed breakdwon 0-7'!K6+'not depressed breakdwon 0-7'!N6+'not depressed breakdwon 0-7'!O6+'not depressed breakdwon 0-7'!P6+'not depressed breakdwon 0-7'!Q6+'not depressed breakdwon 0-7'!R6+'not depressed breakdwon 0-7'!S6+'not depressed breakdwon 0-7'!T6+'not depressed breakdwon 0-7'!U6+'not depressed breakdwon 0-7'!W6+'not depressed breakdwon 0-7'!X6+'not depressed breakdwon 0-7'!Z6+'not depressed breakdwon 0-7'!AA6+'not depressed breakdwon 0-7'!AB6+'not depressed breakdwon 0-7'!AC6+'not depressed breakdwon 0-7'!AD6+'not depressed breakdwon 0-7'!AE6+'not depressed breakdwon 0-7'!AF6+'not depressed breakdwon 0-7'!AG6+'not depressed breakdwon 0-7'!AI6+'not depressed breakdwon 0-7'!AJ6+'not depressed breakdwon 0-7'!AK6+'not depressed breakdwon 0-7'!AL6+'not depressed breakdwon 0-7'!AO6+'not depressed breakdwon 0-7'!AP6+'not depressed breakdwon 0-7'!AR6+'not depressed breakdwon 0-7'!AS6+'not depressed breakdwon 0-7'!AT6+'not depressed breakdwon 0-7'!AU6+'not depressed breakdwon 0-7'!AV6+'not depressed breakdwon 0-7'!AW6)/37 -> 3.3513514 | E6: 3.4666667
A7: red | B7: pink | C7: =('depressed breakdown 0-7'!A7+'depressed breakdown 0-7'!B7+'depressed breakdown 0-7'!C7+'depressed breakdown 0-7'!D7+'depressed breakdown 0-7'!E7+'depressed breakdown 0-7'!F7+'depressed breakdown 0-7'!G7+'depressed breakdown 0-7'!H7+'depressed breakdown 0-7'!I7+'depressed breakdown 0-7'!J7+'depressed breakdown 0-7'!K7+'depressed breakdown 0-7'!L7+'depressed breakdown 0-7'!M7+'depressed breakdown 0-7'!N7+'depressed breakdown 0-7'!O7+'depressed breakdown 0-7'!P7+'depressed breakdown 0-7'!Q7+'depressed breakdown 0-7'!R7)/18 -> 5.0555556 | D7: =('not depressed breakdwon 0-7'!D7+'not depressed breakdwon 0-7'!E7+'not depressed breakdwon 0-7'!F7+'not depressed breakdwon 0-7'!G7+'not depressed breakdwon 0-7'!I7+'not depressed breakdwon 0-7'!J7+'not depressed breakdwon 0-7'!K7+'not depressed breakdwon 0-7'!N7+'not depressed breakdwon 0-7'!O7+'not depressed breakdwon 0-7'!P7+'not depressed breakdwon 0-7'!Q7+'not depressed breakdwon 0-7'!R7+'not depressed breakdwon 0-7'!S7+'not depressed breakdwon 0-7'!T7+'not depressed breakdwon 0-7'!U7+'not depressed breakdwon 0-7'!W7+'not depressed breakdwon 0-7'!X7+'not depressed breakdwon 0-7'!Z7+'not depressed breakdwon 0-7'!AA7+'not depressed breakdwon 0-7'!AB7+'not depressed breakdwon 0-7'!AC7+'not depressed breakdwon 0-7'!AD7+'not depressed breakdwon 0-7'!AE7+'not depressed breakdwon 0-7'!AF7+'not depressed breakdwon 0-7'!AG7+'not depressed breakdwon 0-7'!AI7+'not depressed breakdwon 0-7'!AJ7+'not depressed breakdwon 0-7'!AK7+'not depressed breakdwon 0-7'!AL7+'not depressed breakdwon 0-7'!AO7+'not depressed breakdwon 0-7'!AP7+'not depressed breakdwon 0-7'!AR7+'not depressed breakdwon 0-7'!AS7+'not depressed breakdwon 0-7'!AT7+'not depressed breakdwon 0-7'!AU7+'not depressed breakdwon 0-7'!AV7+'not depressed breakdwon 0-7'!AW7)/37 -> 5 | E7: 5.2416667
A8: envy | B8: joy | C8: =('depressed breakdown 0-7'!A8+'depressed breakdown 0-7'!B8+'depressed breakdown 0-7'!C8+'depressed breakdown 0-7'!D8+'depressed breakdown 0-7'!E8+'depressed breakdown 0-7'!F8+'depressed breakdown 0-7'!G8+'depressed breakdown 0-7'!H8+'depressed breakdown 0-7'!I8+'depressed breakdown 0-7'!J8+'depressed breakdown 0-7'!K8+'depressed breakdown 0-7'!L8+'depressed breakdown 0-7'!M8+'depressed breakdown 0-7'!N8+'depressed breakdown 0-7'!O8+'depressed breakdown 0-7'!P8+'depressed breakdown 0-7'!Q8+'depressed breakdown 0-7'!R8)/18 -> 1.9444444 | D8: =('not depressed breakdwon 0-7'!D8+'not depressed breakdwon 0-7'!E8+'not depressed breakdwon 0-7'!F8+'not depressed breakdwon 0-7'!G8+'not depressed breakdwon 0-7'!I8+'not depressed breakdwon 0-7'!J8+'not depressed breakdwon 0-7'!K8+'not depressed breakdwon 0-7'!N8+'not depressed breakdwon 0-7'!O8+'not depressed breakdwon 0-7'!P8+'not depressed breakdwon 0-7'!Q8+'not depressed breakdwon 0-7'!R8+'not depressed breakdwon 0-7'!S8+'not depressed breakdwon 0-7'!T8+'not depressed breakdwon 0-7'!U8+'not depressed breakdwon 0-7'!W8+'not depressed breakdwon 0-7'!X8+'not depressed breakdwon 0-7'!Z8+'not depressed breakdwon 0-7'!AA8+'not depressed breakdwon 0-7'!AB8+'not depressed breakdwon 0-7'!AC8+'not depressed breakdwon 0-7'!AD8+'not depressed breakdwon 0-7'!AE8+'not depressed breakdwon 0-7'!AF8+'not depressed breakdwon 0-7'!AG8+'not depressed breakdwon 0-7'!AI8+'not depressed breakdwon 0-7'!AJ8+'not depressed breakdwon 0-7'!AK8+'not depressed breakdwon 0-7'!AL8+'not depressed breakdwon 0-7'!AO8+'not depressed breakdwon 0-7'!AP8+'not depressed breakdwon 0-7'!AR8+'not depressed breakdwon 0-7'!AS8+'not depressed breakdwon 0-7'!AT8+'not depressed breakdwon 0-7'!AU8+'not depressed breakdwon 0-7'!AV8+'not depressed breakdwon 0-7'!AW8)/37 -> 1.6216216 | E8: 1.7166667
A9: fear | B9: anger | C9: =('depressed breakdown 0-7'!A9+'depressed breakdown 0-7'!B9+'depressed breakdown 0-7'!C9+'depressed breakdown 0-7'!D9+'depressed breakdown 0-7'!E9+'depressed breakdown 0-7'!F9+'depressed breakdown 0-7'!G9+'depressed breakdown 0-7'!H9+'depressed breakdown 0-7'!I9+'depressed breakdown 0-7'!J9+'depressed breakdown 0-7'!K9+'depressed breakdown 0-7'!L9+'depressed breakdown 0-7'!M9+'depressed breakdown 0-7'!N9+'depressed breakdown 0-7'!O9+'depressed breakdown 0-7'!P9+'depressed breakdown 0-7'!Q9+'depressed breakdown 0-7'!R9)/18 -> 4.9444444 | D9: =('not depressed breakdwon 0-7'!D9+'not depressed breakdwon 0-7'!E9+'not depressed breakdwon 0-7'!F9+'not depressed breakdwon 0-7'!G9+'not depressed breakdwon 0-7'!I9+'not depressed breakdwon 0-7'!J9+'not depressed breakdwon 0-7'!K9+'not depressed breakdwon 0-7'!N9+'not depressed breakdwon 0-7'!O9+'not depressed breakdwon 0-7'!P9+'not depressed breakdwon 0-7'!Q9+'not depressed breakdwon 0-7'!R9+'not depressed breakdwon 0-7'!S9+'not depressed breakdwon 0-7'!T9+'not depressed breakdwon 0-7'!U9+'not depressed breakdwon 0-7'!W9+'not depressed breakdwon 0-7'!X9+'not depressed breakdwon 0-7'!Z9+'not depressed breakdwon 0-7'!AA9+'not depressed breakdwon 0-7'!AB9+'not depressed breakdwon 0-7'!AC9+'not depressed breakdwon 0-7'!AD9+'not depressed breakdwon 0-7'!AE9+'not depressed breakdwon 0-7'!AF9+'not depressed breakdwon 0-7'!AG9+'not depressed breakdwon 0-7'!AI9+'not depressed breakdwon 0-7'!AJ9+'not depressed breakdwon 0-7'!AK9+'not depressed breakdwon 0-7'!AL9+'not depressed breakdwon 0-7'!AO9+'not depressed breakdwon 0-7'!AP9+'not depressed breakdwon 0-7'!AR9+'not depressed breakdwon 0-7'!AS9+'not depressed breakdwon 0-7'!AT9+'not depressed breakdwon 0-7'!AU9+'not depressed breakdwon 0-7'!AV9+'not depressed breakdwon 0-7'!AW9)/37 -> 4.4324324 | E9: 4.7083333
A10: pink | B10: green | C10: =('depressed breakdown 0-7'!A10+'depressed breakdown 0-7'!B10+'depressed breakdown 0-7'!C10+'depressed breakdown 0-7'!D10+'depressed breakdown 0-7'!E10+'depressed breakdown 0-7'!F10+'depressed breakdown 0-7'!G10+'depressed breakdown 0-7'!H10+'depressed breakdown 0-7'!I10+'depressed breakdown 0-7'!J10+'depressed breakdown 0-7'!K10+'depressed breakdown 0-7'!L10+'depressed breakdown 0-7'!M10+'depressed breakdown 0-7'!N10+'depressed breakdown 0-7'!O10+'depressed breakdown 0-7'!P10+'depressed breakdown 0-7'!Q10+'depressed breakdown 0-7'!R10)/18 -> 3.0555556 | D10: =('not depressed breakdwon 0-7'!D10+'not depressed breakdwon 0-7'!E10+'not depressed breakdwon 0-7'!F10+'not depressed breakdwon 0-7'!G10+'not depressed breakdwon 0-7'!I10+'not depressed breakdwon 0-7'!J10+'not depressed breakdwon 0-7'!K10+'not depressed breakdwon 0-7'!N10+'not depressed breakdwon 0-7'!O10+'not depressed breakdwon 0-7'!P10+'not depressed breakdwon 0-7'!Q10+'not depressed breakdwon 0-7'!R10+'not depressed breakdwon 0-7'!S10+'not depressed breakdwon 0-7'!T10+'not depressed breakdwon 0-7'!U10+'not depressed breakdwon 0-7'!W10+'not depressed breakdwon 0-7'!X10+'not depressed breakdwon 0-7'!Z10+'not depressed breakdwon 0-7'!AA10+'not depressed breakdwon 0-7'!AB10+'not depressed breakdwon 0-7'!AC10+'not depressed breakdwon 0-7'!AD10+'not depressed breakdwon 0-7'!AE10+'not depressed breakdwon 0-7'!AF10+'not depressed breakdwon 0-7'!AG10+'not depressed breakdwon 0-7'!AI10+'not depressed breakdwon 0-7'!AJ10+'not depressed breakdwon 0-7'!AK10+'not depressed breakdwon 0-7'!AL10+'not depressed breakdwon 0-7'!AO10+'not depressed breakdwon 0-7'!AP10+'not depressed breakdwon 0-7'!AR10+'not depressed breakdwon 0-7'!AS10+'not depressed breakdwon 0-7'!AT10+'not depressed breakdwon 0-7'!AU10+'not depressed breakdwon 0-7'!AV10+'not depressed breakdwon 0-7'!AW10)/37 -> 3.1351351 | E10: 3.3916667
A11: blue | B11: anger | C11: =('depressed breakdown 0-7'!A11+'depressed breakdown 0-7'!B11+'depressed breakdown 0-7'!C11+'depressed breakdown 0-7'!D11+'depressed breakdown 0-7'!E11+'depressed breakdown 0-7'!F11+'depressed breakdown 0-7'!G11+'depressed breakdown 0-7'!H11+'depressed breakdown 0-7'!I11+'depressed breakdown 0-7'!J11+'depressed breakdown 0-7'!K11+'depressed breakdown 0-7'!L11+'depressed breakdown 0-7'!M11+'depressed breakdown 0-7'!N11+'depressed breakdown 0-7'!O11+'depressed breakdown 0-7'!P11+'depressed breakdown 0-7'!Q11+'depressed breakdown 0-7'!R11)/18 -> 1.6111111 | D11: =('not depressed breakdwon 0-7'!D11+'not depressed breakdwon 0-7'!E11+'not depressed breakdwon 0-7'!F11+'not depressed breakdwon 0-7'!G11+'not depressed breakdwon 0-7'!I11+'not depressed breakdwon 0-7'!J11+'not depressed breakdwon 0-7'!K11+'not depressed breakdwon 0-7'!N11+'not depressed breakdwon 0-7'!O11+'not depressed breakdwon 0-7'!P11+'not depressed breakdwon 0-7'!Q11+'not depressed breakdwon 0-7'!R11+'not depressed breakdwon 0-7'!S11+'not depressed breakdwon 0-7'!T11+'not depressed breakdwon 0-7'!U11+'not depressed breakdwon 0-7'!W11+'not depressed breakdwon 0-7'!X11+'not depressed breakdwon 0-7'!Z11+'not depressed breakdwon 0-7'!AA11+'not depressed breakdwon 0-7'!AB11+'not depressed breakdwon 0-7'!AC11+'not depressed breakdwon 0-7'!AD11+'not depressed breakdwon 0-7'!AE11+'not depressed breakdwon 0-7'!AF11+'not depressed breakdwon 0-7'!AG11+'not depressed breakdwon 0-7'!AI11+'not depressed breakdwon 0-7'!AJ11+'not depressed breakdwon 0-7'!AK11+'not depressed breakdwon 0-7'!AL11+'not depressed breakdwon 0-7'!AO11+'not depressed breakdwon 0-7'!AP11+'not depressed breakdwon 0-7'!AR11+'not depressed breakdwon 0-7'!AS11+'not depressed breakdwon 0-7'!AT11+'not depressed breakdwon 0-7'!AU11+'not depressed breakdwon 0-7'!AV11+'not depressed breakdwon 0-7'!AW11)/37 -> 1.3243243 | E11: 1.3583333
A12: green | B12: joy | C12: =('depressed breakdown 0-7'!A12+'depressed breakdown 0-7'!B12+'depressed breakdown 0-7'!C12+'depressed breakdown 0-7'!D12+'depressed breakdown 0-7'!E12+'depressed breakdown 0-7'!F12+'depressed breakdown 0-7'!G12+'depressed breakdown 0-7'!H12+'depressed breakdown 0-7'!I12+'depressed breakdown 0-7'!J12+'depressed breakdown 0-7'!K12+'depressed breakdown 0-7'!L12+'depressed breakdown 0-7'!M12+'depressed breakdown 0-7'!N12+'depressed breakdown 0-7'!O12+'depressed breakdown 0-7'!P12+'depressed breakdown 0-7'!Q12+'depressed breakdown 0-7'!R12)/18 -> 2.8333333 | D12: =('not depressed breakdwon 0-7'!D12+'not depressed breakdwon 0-7'!E12+'not depressed breakdwon 0-7'!F12+'not depressed breakdwon 0-7'!G12+'not depressed breakdwon 0-7'!I12+'not depressed breakdwon 0-7'!J12+'not depressed breakdwon 0-7'!K12+'not depressed breakdwon 0-7'!N12+'not depressed breakdwon 0-7'!O12+'not depressed breakdwon 0-7'!P12+'not depressed breakdwon 0-7'!Q12+'not depressed breakdwon 0-7'!R12+'not depressed breakdwon 0-7'!S12+'not depressed breakdwon 0-7'!T12+'not depressed breakdwon 0-7'!U12+'not depressed breakdwon 0-7'!W12+'not depressed breakdwon 0-7'!X12+'not depressed breakdwon 0-7'!Z12+'not depressed breakdwon 0-7'!AA12+'not depressed breakdwon 0-7'!AB12+'not depressed breakdwon 0-7'!AC12+'not depressed breakdwon 0-7'!AD12+'not depressed breakdwon 0-7'!AE12+'not depressed breakdwon 0-7'!AF12+'not depressed breakdwon 0-7'!AG12+'not depressed breakdwon 0-7'!AI12+'not depressed breakdwon 0-7'!AJ12+'not depressed breakdwon 0-7'!AK12+'not depressed breakdwon 0-7'!AL12+'not depressed breakdwon 0-7'!AO12+'not depressed breakdwon 0-7'!AP12+'not depressed breakdwon 0-7'!AR12+'not depressed breakdwon 0-7'!AS12+'not depressed breakdwon 0-7'!AT12+'not depressed breakdwon 0-7'!AU12+'not depressed breakdwon 0-7'!AV12+'not depressed breakdwon 0-7'!AW12)/37 -> 2.8918919 | E12: 2.8
A13: anger | B13: defeated | C13: =('depressed breakdown 0-7'!A13+'depressed breakdown 0-7'!B13+'depressed breakdown 0-7'!C13+'depressed breakdown 0-7'!D13+'depressed breakdown 0-7'!E13+'depressed breakdown 0-7'!F13+'depressed breakdown 0-7'!G13+'depressed breakdown 0-7'!H13+'depressed breakdown 0-7'!I13+'depressed breakdown 0-7'!J13+'depressed breakdown 0-7'!K13+'depressed breakdown 0-7'!L13+'depressed breakdown 0-7'!M13+'depressed breakdown 0-7'!N13+'depressed breakdown 0-7'!O13+'depressed breakdown 0-7'!P13+'depressed breakdown 0-7'!Q13+'depressed breakdown 0-7'!R13)/18 -> 4.4444444 | D13: =('not depressed breakdwon 0-7'!D13+'not depressed breakdwon 0-7'!E13+'not depressed breakdwon 0-7'!F13+'not depressed breakdwon 0-7'!G13+'not depressed breakdwon 0-7'!I13+'not depressed breakdwon 0-7'!J13+'not depressed breakdwon 0-7'!K13+'not depressed breakdwon 0-7'!N13+'not depressed breakdwon 0-7'!O13+'not depressed breakdwon 0-7'!P13+'not depressed breakdwon 0-7'!Q13+'not depressed breakdwon 0-7'!R13+'not depressed breakdwon 0-7'!S13+'not depressed breakdwon 0-7'!T13+'not depressed breakdwon 0-7'!U13+'not depressed breakdwon 0-7'!W13+'not depressed breakdwon 0-7'!X13+'not depressed breakdwon 0-7'!Z13+'not depressed breakdwon 0-7'!AA13+'not depressed breakdwon 0-7'!AB13+'not depressed breakdwon 0-7'!AC13+'not depressed breakdwon 0-7'!AD13+'not depressed breakdwon 0-7'!AE13+'not depressed breakdwon 0-7'!AF13+'not depressed breakdwon 0-7'!AG13+'not depressed breakdwon 0-7'!AI13+'not depressed breakdwon 0-7'!AJ13+'not depressed breakdwon 0-7'!AK13+'not depressed breakdwon 0-7'!AL13+'not depressed breakdwon 0-7'!AO13+'not depressed breakdwon 0-7'!AP13+'not depressed breakdwon 0-7'!AR13+'not depressed breakdwon 0-7'!AS13+'not depressed breakdwon 0-7'!AT13+'not depressed breakdwon 0-7'!AU13+'not depressed breakdwon 0-7'!AV13+'not depressed breakdwon 0-7'!AW13)/37 -> 4.1621622 | E13: 4.1083333
... A254: anxiety | B254: boredom | C254: =('depressed breakdown 0-7'!A254+'depressed breakdown 0-7'!B254+'depressed breakdown 0-7'!C254+'depressed breakdown 0-7'!D254+'depressed breakdown 0-7'!E254+'depressed breakdown 0-7'!F254+'depressed breakdown 0-7'!G254+'depressed breakdown 0-7'!H254+'depressed breakdown 0-7'!I254+'depressed breakdown 0-7'!J254+'depressed breakdown 0-7'!K254+'depressed breakdown 0-7'!L254+'depressed breakdown 0-7'!M254+'depressed breakdown 0-7'!N254+'depressed breakdown 0-7'!O254+'depressed breakdown 0-7'!P254+'depressed breakdown 0-7'!Q254+'depressed breakdown 0-7'!R254)/18 -> 3.5 | D254: =('not depressed breakdwon 0-7'!D254+'not depressed breakdwon 0-7'!E254+'not depressed breakdwon 0-7'!F254+'not depressed breakdwon 0-7'!G254+'not depressed breakdwon 0-7'!I254+'not depressed breakdwon 0-7'!J254+'not depressed breakdwon 0-7'!K254+'not depressed breakdwon 0-7'!N254+'not depressed breakdwon 0-7'!O254+'not depressed breakdwon 0-7'!P254+'not depressed breakdwon 0-7'!Q254+'not depressed breakdwon 0-7'!R254+'not depressed breakdwon 0-7'!S254+'not depressed breakdwon 0-7'!T254+'not depressed breakdwon 0-7'!U254+'not depressed breakdwon 0-7'!W254+'not depressed breakdwon 0-7'!X254+'not depressed breakdwon 0-7'!Z254+'not depressed breakdwon 0-7'!AA254+'not depressed breakdwon 0-7'!AB254+'not depressed breakdwon 0-7'!AC254+'not depressed breakdwon 0-7'!AD254+'not depressed breakdwon 0-7'!AE254+'not depressed breakdwon 0-7'!AF254+'not depressed breakdwon 0-7'!AG254+'not depressed breakdwon 0-7'!AI254+'not depressed breakdwon 0-7'!AJ254+'not depressed breakdwon 0-7'!AK254+'not depressed breakdwon 0-7'!AL254+'not depressed breakdwon 0-7'!AO254+'not depressed breakdwon 0-7'!AP254+'not depressed breakdwon 0-7'!AR254+'not depressed breakdwon 0-7'!AS254+'not depressed breakdwon 0-7'!AT254+'not depressed breakdwon 0-7'!AU254+'not depressed breakdwon 0-7'!AV254+'not depressed breakdwon 0-7'!AW254)/37 -> 2.8108108 | E254: 3.125

Sheet converted to 0-7 ALL
A1: BDI | C1: 24 | D1: 11 | E1: 13 | F1: 22 | G1: 11 | H1: 21 | I1: 9 | J1: 5 | K1: 5 | L1: 9 | M1: 20 | N1: 34 | O1: 24 | P1: 0 | Q1: 1 | R1: 10 | S1: 0 | T1: 29 | U1: 0 | V1: 31 | W1: 2 | X1: 1 | Y1: 10 | Z1: 1 | AA1: 0 | AB1: 18 | AC1: 9 | AD1: 29 | AE1: 0 | AF1: 6 | AG1: 29 | AH1: 0 | AI1: 7 | AJ1: 0 | AK1: 0 | AL1: 0 | AM1: 21 | AN1: 21 | AO1: 25 | AP1: 10 | AQ1: 6 | AR1: 34 | AS1: 16 | AT1: 0 | AU1: 19 | AV1: 25 | AW1: 3 | AX1: 28 | AY1: 18 | AZ1: 39 | BA1: 0 | BB1: 25 | BC1: 7 | BD1: 7 | BE1: 12 | BF1: 7 | BG1: 38 | BH1: 3 | BI1: 15 | BJ1: 6 | BK1: 4 | BL1: 7 | BM1: 0 | BN1: 14 | BO1: 3 | BP1: 11 | BQ1: 20 | BR1: 1 | BS1: 8 | BT1: 0 | BU1: 36 | BV1: 18 | BW1: 0 | BX1: 8 | BY1: 10 | BZ1: 11 | CA1: 4 | CB1: 10 | CC1: 5 | CD1: 1 | CE1: 0 | CF1: 12 | CG1: 26 | CH1: 19 | CI1: 0 | CJ1: 1 | CK1: 29 | CL1: 17 | CM1: 1 | CN1: 26 | CO1: 16 | CP1: 12 | CQ1: 13 | CR1: 6 | CS1: 0 | CT1: 10 | CU1: 2 | CV1: 1 | CW1: 0 | CX1: 26 | CY1: 1 | CZ1: 7 | DA1: 4 | DB1: 8 | DC1: 0 | DD1: 4 | DE1: 39 | DF1: 1 | DG1: 17 | DH1: 17 | DI1: 0 | DJ1: 15 | DK1: 9 | DL1: 19 | DM1: 14 | DN1: 5 | DO1: 18 | DP1: 5 | DQ1: 14 | DR1: 32
A2: brown | B2: anger | C2: =IF('w.o double'!C2<0, 'w.o double'!C2+4, 'w.o double'!C2+3) -> 0 | D2: =IF('w.o double'!D2<0, 'w.o double'!D2+4, 'w.o double'!D2+3) -> 0 | E2: =IF('w.o double'!E2<0, 'w.o double'!E2+4, 'w.o double'!E2+3) -> 0 | F2: =IF('w.o double'!F2<0, 'w.o double'!F2+4, 'w.o double'!F2+3) -> 6 | G2: =IF('w.o double'!G2<0, 'w.o double'!G2+4, 'w.o double'!G2+3) -> 1 | H2: =IF('w.o double'!H2<0, 'w.o double'!H2+4, 'w.o double'!H2+3) -> 2 | I2: =IF('w.o double'!I2<0, 'w.o double'!I2+4, 'w.o double'!I2+3) -> 1 | J2: =IF('w.o double'!J2<0, 'w.o double'!J2+4, 'w.o double'!J2+3) -> 7 | ... DR2: =IF('w.o double'!DR2<0, 'w.o double'!DR2+4, 'w.o double'!DR2+3) -> 2 | DS2: =SUM(C2:DR2) -> 139 | DT2: =DS2/120 -> 1.1583333
A3: orange | B3: anxiety | C3: =IF('w.o double'!C3<0, 'w.o double'!C3+4, 'w.o double'!C3+3) -> 0 | D3: =IF('w.o double'!D3<0, 'w.o double'!D3+4, 'w.o double'!D3+3) -> 0 | E3: =IF('w.o double'!E3<0, 'w.o double'!E3+4, 'w.o double'!E3+3) -> 1 | F3: =IF('w.o double'!F3<0, 'w.o double'!F3+4, 'w.o double'!F3+3) -> 2 | G3: =IF('w.o double'!G3<0, 'w.o double'!G3+4, 'w.o double'!G3+3) -> 0 | H3: =IF('w.o double'!H3<0, 'w.o double'!H3+4, 'w.o double'!H3+3) -> 0 | I3: =IF('w.o double'!I3<0, 'w.o double'!I3+4, 'w.o double'!I3+3) -> 1 | J3: =IF('w.o double'!J3<0, 'w.o double'!J3+4, 'w.o double'!J3+3) -> 0 | ... DR3: =IF('w.o double'!DR3<0, 'w.o double'!DR3+4, 'w.o double'!DR3+3) -> 4 | DS3: =SUM(C3:DR3) -> 186 | DT3: =DS3/120 -> 1.55
A4: red | B4: yellow | C4: =IF('w.o double'!C4<0, 'w.o double'!C4+4, 'w.o double'!C4+3) -> 4 | D4: =IF('w.o double'!D4<0, 'w.o double'!D4+4, 'w.o double'!D4+3) -> 1 | E4: =IF('w.o double'!E4<0, 'w.o double'!E4+4, 'w.o double'!E4+3) -> 2 | F4: =IF('w.o double'!F4<0, 'w.o double'!F4+4, 'w.o double'!F4+3) -> 5 | G4: =IF('w.o double'!G4<0, 'w.o double'!G4+4, 'w.o double'!G4+3) -> 4 | H4: =IF('w.o double'!H4<0, 'w.o double'!H4+4, 'w.o double'!H4+3) -> 4 | I4: =IF('w.o double'!I4<0, 'w.o double'!I4+4, 'w.o double'!I4+3) -> 3 | J4: =IF('w.o double'!J4<0, 'w.o double'!J4+4, 'w.o double'!J4+3) -> 7 | ... DR4: =IF('w.o double'!DR4<0, 'w.o double'!DR4+4, 'w.o double'!DR4+3) -> 6 | DS4: =SUM(C4:DR4) -> 465 | DT4: =DS4/120 -> 3.875
A5: black | B5: blue | C5: =IF('w.o double'!C5<0, 'w.o double'!C5+4, 'w.o double'!C5+3) -> 4 | D5: =IF('w.o double'!D5<0, 'w.o double'!D5+4, 'w.o double'!D5+3) -> 0 | E5: =IF('w.o double'!E5<0, 'w.o double'!E5+4, 'w.o double'!E5+3) -> 1 | F5: =IF('w.o double'!F5<0, 'w.o double'!F5+4, 'w.o double'!F5+3) -> 6 | G5: =IF('w.o double'!G5<0, 'w.o double'!G5+4, 'w.o double'!G5+3) -> 3 | H5: =IF('w.o double'!H5<0, 'w.o double'!H5+4, 'w.o double'!H5+3) -> 6 | I5: =IF('w.o double'!I5<0, 'w.o double'!I5+4, 'w.o double'!I5+3) -> 3 | J5: =IF('w.o double'!J5<0, 'w.o double'!J5+4, 'w.o double'!J5+3) -> 7 | ... DR5: =IF('w.o double'!DR5<0, 'w.o double'!DR5+4, 'w.o double'!DR5+3) -> 6 | DS5: =SUM(C5:DR5) -> 535 | DT5: =DS5/120 -> 4.4583333
A6: green | B6: calm | C6: =IF('w.o double'!C6<0, 'w.o double'!C6+4, 'w.o double'!C6+3) -> 5 | D6: =IF('w.o double'!D6<0, 'w.o double'!D6+4, 'w.o double'!D6+3) -> 2 | E6: =IF('w.o double'!E6<0, 'w.o double'!E6+4, 'w.o double'!E6+3) -> 5 | F6: =IF('w.o double'!F6<0, 'w.o double'!F6+4, 'w.o double'!F6+3) -> 5 | G6: =IF('w.o double'!G6<0, 'w.o double'!G6+4, 'w.o double'!G6+3) -> 0 | H6: =IF('w.o double'!H6<0, 'w.o double'!H6+4, 'w.o double'!H6+3) -> 6 | I6: =IF('w.o double'!I6<0, 'w.o double'!I6+4, 'w.o double'!I6+3) -> 3 | J6: =IF('w.o double'!J6<0, 'w.o double'!J6+4, 'w.o double'!J6+3) -> 7 | ... DR6: =IF('w.o double'!DR6<0, 'w.o double'!DR6+4, 'w.o double'!DR6+3) -> 5 | DS6: =SUM(C6:DR6) -> 416 | DT6: =DS6/120 -> 3.4666667
A7: red | B7: pink | C7: =IF('w.o double'!C7<0, 'w.o double'!C7+4, 'w.o double'!C7+3) -> 6 | D7: =IF('w.o double'!D7<0, 'w.o double'!D7+4, 'w.o double'!D7+3) -> 1 | E7: =IF('w.o double'!E7<0, 'w.o double'!E7+4, 'w.o double'!E7+3) -> 4 | F7: =IF('w.o double'!F7<0, 'w.o double'!F7+4, 'w.o double'!F7+3) -> 6 | G7: =IF('w.o double'!G7<0, 'w.o double'!G7+4, 'w.o double'!G7+3) -> 6 | H7: =IF('w.o double'!H7<0, 'w.o double'!H7+4, 'w.o double'!H7+3) -> 6 | I7: =IF('w.o double'!I7<0, 'w.o double'!I7+4, 'w.o double'!I7+3) -> 3 | J7: =IF('w.o double'!J7<0, 'w.o double'!J7+4, 'w.o double'!J7+3) -> 7 | ... DR7: =IF('w.o double'!DR7<0, 'w.o double'!DR7+4, 'w.o double'!DR7+3) -> 6 | DS7: =SUM(C7:DR7) -> 629 | DT7: =DS7/120 -> 5.2416667
A8: envy | B8: joy | C8: =IF('w.o double'!C8<0, 'w.o double'!C8+4, 'w.o double'!C8+3) -> 3 | D8: =IF('w.o double'!D8<0, 'w.o double'!D8+4, 'w.o double'!D8+3) -> 0 | E8: =IF('w.o double'!E8<0, 'w.o double'!E8+4, 'w.o double'!E8+3) -> 0 | F8: =IF('w.o double'!F8<0, 'w.o double'!F8+4, 'w.o double'!F8+3) -> 2 | G8: =IF('w.o double'!G8<0, 'w.o double'!G8+4, 'w.o double'!G8+3) -> 1 | H8: =IF('w.o double'!H8<0, 'w.o double'!H8+4, 'w.o double'!H8+3) -> 0 | I8: =IF('w.o double'!I8<0, 'w.o double'!I8+4, 'w.o double'!I8+3) -> 2 | J8: =IF('w.o double'!J8<0, 'w.o double'!J8+4, 'w.o double'!J8+3) -> 0 | ... DR8: =IF('w.o double'!DR8<0, 'w.o double'!DR8+4, 'w.o double'!DR8+3) -> 3 | DS8: =SUM(C8:DR8) -> 206 | DT8: =DS8/120 -> 1.7166667
A9: fear | B9: anger | C9: =IF('w.o double'!C9<0, 'w.o double'!C9+4, 'w.o double'!C9+3) -> 6 | D9: =IF('w.o double'!D9<0, 'w.o double'!D9+4, 'w.o double'!D9+3) -> 5 | E9: =IF('w.o double'!E9<0, 'w.o double'!E9+4, 'w.o double'!E9+3) -> 2 | F9: =IF('w.o double'!F9<0, 'w.o double'!F9+4, 'w.o double'!F9+3) -> 5 | G9: =IF('w.o double'!G9<0, 'w.o double'!G9+4, 'w.o double'!G9+3) -> 5 | H9: =IF('w.o double'!H9<0, 'w.o double'!H9+4, 'w.o double'!H9+3) -> 7 | I9: =IF('w.o double'!I9<0, 'w.o double'!I9+4, 'w.o double'!I9+3) -> 4 | J9: =IF('w.o double'!J9<0, 'w.o double'!J9+4, 'w.o double'!J9+3) -> 7 | ... DR9: =IF('w.o double'!DR9<0, 'w.o double'!DR9+4, 'w.o double'!DR9+3) -> 4 | DS9: =SUM(C9:DR9) -> 565 | DT9: =DS9/120 -> 4.7083333
A10: pink | B10: green | C10: =IF('w.o double'!C10<0, 'w.o double'!C10+4, 'w.o double'!C10+3) -> 4 | D10: =IF('w.o double'!D10<0, 'w.o double'!D10+4, 'w.o double'!D10+3) -> 1 | E10: =IF('w.o double'!E10<0, 'w.o double'!E10+4, 'w.o double'!E10+3) -> 1 | F10: =IF('w.o double'!F10<0, 'w.o double'!F10+4, 'w.o double'!F10+3) -> 3 | G10: =IF('w.o double'!G10<0, 'w.o double'!G10+4, 'w.o double'!G10+3) -> 2 | H10: =IF('w.o double'!H10<0, 'w.o double'!H10+4, 'w.o double'!H10+3) -> 1 | I10: =IF('w.o double'!I10<0, 'w.o double'!I10+4, 'w.o double'!I10+3) -> 3 | J10: =IF('w.o double'!J10<0, 'w.o double'!J10+4, 'w.o double'!J10+3) -> 0 | ... DR10: =IF('w.o double'!DR10<0, 'w.o double'!DR10+4, 'w.o double'!DR10+3) -> 3 | DS10: =SUM(C10:DR10) -> 407 | DT10: =DS10/120 -> 3.3916667
A11: blue | B11: anger | C11: =IF('w.o double'!C11<0, 'w.o double'!C11+4, 'w.o double'!C11+3) -> 2 | D11: =IF('w.o double'!D11<0, 'w.o double'!D11+4, 'w.o double'!D11+3) -> 0 | E11: =IF('w.o double'!E11<0, 'w.o double'!E11+4, 'w.o double'!E11+3) -> 0 | F11: =IF('w.o double'!F11<0, 'w.o double'!F11+4, 'w.o double'!F11+3) -> 4 | G11: =IF('w.o double'!G11<0, 'w.o double'!G11+4, 'w.o double'!G11+3) -> 0 | H11: =IF('w.o double'!H11<0, 'w.o double'!H11+4, 'w.o double'!H11+3) -> 0 | I11: =IF('w.o double'!I11<0, 'w.o double'!I11+4, 'w.o double'!I11+3) -> 2 | J11: =IF('w.o double'!J11<0, 'w.o double'!J11+4, 'w.o double'!J11+3) -> 0 | ... DR11: =IF('w.o double'!DR11<0, 'w.o double'!DR11+4, 'w.o double'!DR11+3) -> 2 | DS11: =SUM(C11:DR11) -> 163 | DT11: =DS11/120 -> 1.3583333
A12: green | B12: joy | C12: =IF('w.o double'!C12<0, 'w.o double'!C12+4, 'w.o double'!C12+3) -> 5 | D12: =IF('w.o double'!D12<0, 'w.o double'!D12+4, 'w.o double'!D12+3) -> 2 | E12: =IF('w.o double'!E12<0, 'w.o double'!E12+4, 'w.o double'!E12+3) -> 4 | F12: =IF('w.o double'!F12<0, 'w.o double'!F12+4, 'w.o double'!F12+3) -> 3 | G12: =IF('w.o double'!G12<0, 'w.o double'!G12+4, 'w.o double'!G12+3) -> 2 | H12: =IF('w.o double'!H12<0, 'w.o double'!H12+4, 'w.o double'!H12+3) -> 6 | I12: =IF('w.o double'!I12<0, 'w.o double'!I12+4, 'w.o double'!I12+3) -> 3 | J12: =IF('w.o double'!J12<0, 'w.o double'!J12+4, 'w.o double'!J12+3) -> 0 | ... DR12: =IF('w.o double'!DR12<0, 'w.o double'!DR12+4, 'w.o double'!DR12+3) -> 3 | DS12: =SUM(C12:DR12) -> 336 | DT12: =DS12/120 -> 2.8
A13: anger | B13: defeated | C13: =IF('w.o double'!C13<0, 'w.o double'!C13+4, 'w.o double'!C13+3) -> 5 | D13: =IF('w.o double'!D13<0, 'w.o double'!D13+4, 'w.o double'!D13+3) -> 5 | E13: =IF('w.o double'!E13<0, 'w.o double'!E13+4, 'w.o double'!E13+3) -> 2 | F13: =IF('w.o double'!F13<0, 'w.o double'!F13+4, 'w.o double'!F13+3) -> 4 | G13: =IF('w.o double'!G13<0, 'w.o double'!G13+4, 'w.o double'!G13+3) -> 4 | H13: =IF('w.o double'!H13<0, 'w.o double'!H13+4, 'w.o double'!H13+3) -> 7 | I13: =IF('w.o double'!I13<0, 'w.o double'!I13+4, 'w.o double'!I13+3) -> 4 | J13: =IF('w.o double'!J13<0, 'w.o double'!J13+4, 'w.o double'!J13+3) -> 1 | ... DR13: =IF('w.o double'!DR13<0, 'w.o double'!DR13+4, 'w.o double'!DR13+3) -> 4 | DS13: =SUM(C13:DR13) -> 493 | DT13: =DS13/120 -> 4.1083333
... A254: anxiety | B254: boredom | C254: =IF('w.o double'!C254<0, 'w.o double'!C254+4, 'w.o double'!C254+3) -> 2 | D254: =IF('w.o double'!D254<0, 'w.o double'!D254+4, 'w.o double'!D254+3) -> 4 | E254: =IF('w.o double'!E254<0, 'w.o double'!E254+4, 'w.o double'!E254+3) -> 1 | F254: =IF('w.o double'!F254<0, 'w.o double'!F254+4, 'w.o double'!F254+3) -> 4 | G254: =IF('w.o double'!G254<0, 'w.o double'!G254+4, 'w.o double'!G254+3) -> 1 | H254: =IF('w.o double'!H254<0, 'w.o double'!H254+4, 'w.o double'!H254+3) -> 6 | I254: =IF('w.o double'!I254<0, 'w.o double'!I254+4, 'w.o double'!I254+3) -> 3 | J254: =IF('w.o double'!J254<0, 'w.o double'!J254+4, 'w.o double'!J254+3) -> 5 | ... DR254: =IF('w.o double'!DR254<0, 'w.o double'!DR254+4, 'w.o double'!DR254+3) -> 2 | DS254: =SUM(C254:DR254) -> 375 | DT254: =DS254/120 -> 3.125

Sheet converted to 0-7 ALL-value
A1: BDI | C1: 24 | D1: 11 | E1: 13 | F1: 22 | G1: 11 | H1: 21 | I1: 9 | J1: 5 | K1: 5 | L1: 9 | M1: 20 | N1: 34 | O1: 24 | P1: 0 | Q1: 1 | R1: 10 | S1: 0 | T1: 29 | U1: 0 | V1: 31 | W1: 2 | X1: 1 | Y1: 10 | Z1: 1 | AA1: 0 | AB1: 18 | AC1: 9 | AD1: 29 | AE1: 0 | AF1: 6 | AG1: 29 | AH1: 0 | AI1: 7 | AJ1: 0 | AK1: 0 | AL1: 0 | AM1: 21 | AN1: 21 | AO1: 25 | AP1: 10 | AQ1: 6 | AR1: 34 | AS1: 16 | AT1: 0 | AU1: 19 | AV1: 25 | AW1: 3 | AX1: 28 | AY1: 18 | AZ1: 39 | BA1: 0 | BB1: 25 | BC1: 7 | BD1: 7 | BE1: 12 | BF1: 7 | BG1: 38 | BH1: 3 | BI1: 15 | BJ1: 6 | BK1: 4 | BL1: 7 | BM1: 0 | BN1: 14 | BO1: 3 | BP1: 11 | BQ1: 20 | BR1: 1 | BS1: 8 | BT1: 0 | BU1: 36 | BV1: 18 | BW1: 0 | BX1: 8 | BY1: 10 | BZ1: 11 | CA1: 4 | CB1: 10 | CC1: 5 | CD1: 1 | CE1: 0 | CF1: 12 | CG1: 26 | CH1: 19 | CI1: 0 | CJ1: 1 | CK1: 29 | CL1: 17 | CM1: 1 | CN1: 26 | CO1: 16 | CP1: 12 | CQ1: 13 | CR1: 6 | CS1: 0 | CT1: 10 | CU1: 2 | CV1: 1 | CW1: 0 | CX1: 26 | CY1: 1 | CZ1: 7 | DA1: 4 | DB1: 8 | DC1: 0 | DD1: 4 | DE1: 39 | DF1: 1 | DG1: 17 | DH1: 17 | DI1: 0 | DJ1: 15 | DK1: 9 | DL1: 19 | DM1: 14 | DN1: 5 | DO1: 18 | DP1: 5 | DQ1: 14 | DR1: 32
A2: brown | B2: anger | C2: 0 | D2: 0 | E2: 0 | F2: 6 | G2: 1 | H2: 2 | I2: 1 | J2: 7 | K2: 2 | L2: 1 | M2: 6 | N2: 0 | O2: 0 | P2: 1 | Q2: 0 | R2: 1 | S2: 1 | T2: 1 | U2: 0 | V2: 0 | W2: 5 | X2: 4 | Y2: 0 | Z2: 3 | AA2: 0 | AB2: 1 | AC2: 2 | AD2: 1 | AE2: 3 | AF2: 0 | AG2: 3 | AH2: 0 | AI2: 1 | AJ2: 1 | AK2: 0 | AL2: 2 | AM2: 1 | AN2: 2 | AO2: 1 | AP2: 2 | AQ2: 3 | AR2: 1 | AS2: 0 | AT2: 0 | AU2: 1 | AV2: 0 | AW2: 0 | AX2: 0 | AY2: 0 | AZ2: 0 | BA2: 0 | BB2: 1 | BC2: 1 | BD2: 1 | BE2: 3 | BF2: 0 | BG2: 0 | BH2: 3 | BI2: 1 | BJ2: 0 | BK2: 2 | BL2: 1 | BM2: 2 | BN2: 1 | BO2: 0 | BP2: 0 | BQ2: 0 | BR2: 2 | BS2: 0 | BT2: 0 | BU2: 0 | BV2: 1 | BW2: 0 | BX2: 0 | BY2: 2 | BZ2: 0 | CA2: 0 | CB2: 1 | CC2: 0 | CD2: 1 | CE2: 0 | CF2: 3 | CG2: 3 | CH2: 1 | CI2: 2 | CJ2: 0 | CK2: 4 | CL2: 0 | CM2: 0 | CN2: 1 | CO2: 1 | CP2: 3 | CQ2: 0 | CR2: 0 | CS2: 0 | CT2: 2 | CU2: 2 | CV2: 1 | CW2: 4 | CX2: 4 | CY2: 2 | CZ2: 0 | DA2: 3 | DB2: 0 | DC2: 1 | DD2: 0 | DE2: 0 | DF2: 0 | DG2: 2 | DH2: 0 | DI2: 1 | DJ2: 0 | DK2: 0 | DL2: 0 | DM2: 2 | DN2: 3 | DO2: 1 | DP2: 1 | DQ2: 0 | DR2: 2 | DS2: =SUM(C2:DR2) -> 139 | DT2: =DS2/120 -> 1.1583333
A3: orange | B3: anxiety | C3: 0 | D3: 0 | E3: 1 | F3: 2 | G3: 0 | H3: 0 | I3: 1 | J3: 0 | K3: 5 | L3: 4 | M3: 3 | N3: 0 | O3: 0 | P3: 5 | Q3: 0 | R3: 0 | S3: 1 | T3: 0 | U3: 0 | V3: 0 | W3: 4 | X3: 1 | Y3: 0 | Z3: 4 | AA3: 0 | AB3: 2 | AC3: 1 | AD3: 1 | AE3: 1 | AF3: 2 | AG3: 1 | AH3: 2 | AI3: 1 | AJ3: 1 | AK3: 1 | AL3: 2 | AM3: 4 | AN3: 2 | AO3: 1 | AP3: 1 | AQ3: 2 | AR3: 1 | AS3: 0 | AT3: 0 | AU3: 5 | AV3: 0 | AW3: 1 | AX3: 0 | AY3: 1 | AZ3: 0 | BA3: 0 | BB3: 0 | BC3: 3 | BD3: 4 | BE3: 6 | BF3: 0 | BG3: 0 | BH3: 4 | BI3: 1 | BJ3: 1 | BK3: 3 | BL3: 2 | BM3: 1 | BN3: 3 | BO3: 2 | BP3: 5 | BQ3: 1 | BR3: 1 | BS3: 0 | BT3: 0 | BU3: 0 | BV3: 0 | BW3: 0 | BX3: 1 | BY3: 2 | BZ3: 0 | CA3: 1 | CB3: 1 | CC3: 0 | CD3: 1 | CE3: 0 | CF3: 6 | CG3: 5 | CH3: 1 | CI3: 1 | CJ3: 0 | CK3: 2 | CL3: 1 | CM3: 0 | CN3: 1 | CO3: 1 | CP3: 2 | CQ3: 0 | CR3: 0 | CS3: 0 | CT3: 3 | CU3: 4 | CV3: 1 | CW3: 3 | CX3: 1 | CY3: 5 | CZ3: 4 | DA3: 4 | DB3: 0 | DC3: 2 | DD3: 2 | DE3: 2 | DF3: 3 | DG3: 4 | DH3: 1 | DI3: 2 | DJ3: 0 | DK3: 0 | DL3: 1 | DM3: 1 | DN3: 2 | DO3: 5 | DP3: 1 | DQ3: 4 | DR3: 4 | DS3: =SUM(C3:DR3) -> 186 | DT3: =DS3/120 -> 1.55
A4: red | B4: yellow | C4: 4 | D4: 1 | E4: 2 | F4: 5 | G4: 4 | H4: 4 | I4: 3 | J4: 7 | K4: 0 | L4: 6 | M4: 4 | N4: 0 | O4: 1 | P4: 5 | Q4: 2 | R4: 5 | S4: 4 | T4: 4 | U4: 7 | V4: 3 | W4: 2 | X4: 4 | Y4: 4 | Z4: 4 | AA4: 7 | AB4: 6 | AC4: 3 | AD4: 2 | AE4: 5 | AF4: 6 | AG4: 0 | AH4: 2 | AI4: 7 | AJ4: 7 | AK4: 2 | AL4: 7 | AM4: 1 | AN4: 1 | AO4: 7 | AP4: 3 | AQ4: 2 | AR4: 7 | AS4: 4 | AT4: 6 | AU4: 4 | AV4: 5 | AW4: 6 | AX4: 6 | AY4: 5 | AZ4: 6 | BA4: 3 | BB4: 5 | BC4: 5 | BD4: 1 | BE4: 6 | BF4: 5 | BG4: 3 | BH4: 3 | BI4: 4 | BJ4: 4 | BK4: 3 | BL4: 1 | BM4: 4 | BN4: 0 | BO4: 4 | BP4: 4 | BQ4: 0 | BR4: 1 | BS4: 1 | BT4: 7 | BU4: 1 | BV4: 1 | BW4: 7 | BX4: 0 | BY4: 5 | BZ4: 1 | CA4: 7 | CB4: 4 | CC4: 5 | CD4: 1 | CE4: 7 | CF4: 5 | CG4: 4 | CH4: 2 | CI4: 0 | CJ4: 5 | CK4: 6 | CL4: 6 | CM4: 6 | CN4: 6 | CO4: 5 | CP4: 0 | CQ4: 7 | CR4: 4 | CS4: 5 | CT4: 2 | CU4: 6 | CV4: 5 | CW4: 5 | CX4: 4 | CY4: 2 | CZ4: 0 | DA4: 5 | DB4: 0 | DC4: 7 | DD4: 7 | DE4: 3 | DF4: 3 | DG4: 3 | DH4: 5 | DI4: 3 | DJ4: 4 | DK4: 7 | DL4: 2 | DM4: 4 | DN4: 4 | DO4: 7 | DP4: 5 | DQ4: 0 | DR4: 6 | DS4: =SUM(C4:DR4) -> 465 | DT4: =DS4/120 -> 3.875
A5: black | B5: blue | C5: 4 | D5: 0 | E5: 1 | F5: 6 | G5: 3 | H5: 6 | I5: 3 | J5: 7 | K5: 1 | L5: 6 | M5: 6 | N5: 4 | O5: 1 | P5: 6 | Q5: 6 | R5: 5 | S5: 1 | T5: 5 | U5: 5 | V5: 4 | W5: 5 | X5: 5 | Y5: 4 | Z5: 4 | AA5: 7 | AB5: 6 | AC5: 3 | AD5: 2 | AE5: 5 | AF5: 6 | AG5: 3 | AH5: 1 | AI5: 7 | AJ5: 7 | AK5: 4 | AL5: 7 | AM5: 4 | AN5: 3 | AO5: 6 | AP5: 5 | AQ5: 3 | AR5: 7 | AS5: 4 | AT5: 6 | AU5: 4 | AV5: 5 | AW5: 6 | AX5: 6 | AY5: 4 | AZ5: 5 | BA5: 2 | BB5: 5 | BC5: 2 | BD5: 5 | BE5: 6 | BF5: 6 | BG5: 4 | BH5: 5 | BI5: 5 | BJ5: 5 | BK5: 4 | BL5: 3 | BM5: 4 | BN5: 4 | BO5: 4 | BP5: 0 | BQ5: 0 | BR5: 5 | BS5: 1 | BT5: 6 | BU5: 2 | BV5: 2 | BW5: 7 | BX5: 1 | BY5: 6 | BZ5: 2 | CA5: 6 | CB5: 5 | CC5: 5 | CD5: 1 | CE5: 7 | CF5: 5 | CG5: 6 | CH5: 5 | CI5: 5 | CJ5: 5 | CK5: 6 | CL5: 5 | CM5: 6 | CN5: 7 | CO5: 3 | CP5: 5 | CQ5: 7 | CR5: 5 | CS5: 5 | CT5: 4 | CU5: 5 | CV5: 5 | CW5: 5 | CX5: 5 | CY5: 5 | CZ5: 3 | DA5: 5 | DB5: 5 | DC5: 7 | DD5: 4 | DE5: 3 | DF5: 5 | DG5: 4 | DH5: 6 | DI5: 3 | DJ5: 2 | DK5: 7 | DL5: 2 | DM5: 5 | DN5: 6 | DO5: 7 | DP5: 5 | DQ5: 2 | DR5: 6 | DS5: =SUM(C5:DR5) -> 535 | DT5: =DS5/120 -> 4.4583333
A6: green | B6: calm | C6: 5 | D6: 2 | E6: 5 | F6: 5 | G6: 0 | H6: 6 | I6: 3 | J6: 7 | K6: 6 | L6: 5 | M6: 2 | N6: 4 | O6: 1 | P6: 7 | Q6: 1 | R6: 1 | S6: 1 | T6: 5 | U6: 4 | V6: 1 | W6: 5 | X6: 7 | Y6: 4 | Z6: 5 | AA6: 5 | AB6: 1 | AC6: 4 | AD6: 4 | AE6: 0 | AF6: 2 | AG6: 5 | AH6: 5 | AI6: 4 | AJ6: 5 | AK6: 6 | AL6: 2 | AM6: 6 | AN6: 5 | AO6: 3 | AP6: 6 | AQ6: 4 | AR6: 2 | AS6: 2 | AT6: 0 | AU6: 4 | AV6: 5 | AW6: 5 | AX6: 5 | AY6: 1 | AZ6: 4 | BA6: 3 | BB6: 6 | BC6: 4 | BD6: 6 | BE6: 3 | BF6: 2 | BG6: 4 | BH6: 4 | BI6: 5 | BJ6: 4 | BK6: 4 | BL6: 6 | BM6: 5 | BN6: 2 | BO6: 1 | BP6: 7 | BQ6: 0 | BR6: 2 | BS6: 1 | BT6: 0 | BU6: 3 | BV6: 1 | BW6: 0 | BX6: 3 | BY6: 4 | BZ6: 0 | CA6: 1 | CB6: 1 | CC6: 0 | CD6: 4 | CE6: 0 | CF6: 7 | CG6: 2 | CH6: 3 | CI6: 7 | CJ6: 2 | CK6: 5 | CL6: 1 | CM6: 0 | CN6: 4 | CO6: 2 | CP6: 6 | CQ6: 1 | CR6: 1 | CS6: 0 | CT6: 6 | CU6: 5 | CV6: 1 | CW6: 3 | CX6: 6 | CY6: 5 | CZ6: 4 | DA6: 5 | DB6: 6 | DC6: 4 | DD6: 4 | DE6: 4 | DF6: 6 | DG6: 5 | DH6: 3 | DI6: 4 | DJ6: 2 | DK6: 1 | DL6: 5 | DM6: 2 | DN6: 6 | DO6: 4 | DP6: 2 | DQ6: 4 | DR6: 5 | DS6: =SUM(C6:DR6) -> 416 | DT6: =DS6/120 -> 3.4666667
A7: red | B7: pink | C7: 6 | D7: 1 | E7: 4 | F7: 6 | G7: 6 | H7: 6 | I7: 3 | J7: 7 | K7: 5 | L7: 6 | M7: 6 | N7: 4 | O7: 2 | P7: 7 | Q7: 6 | R7: 7 | S7: 1 | T7: 6 | U7: 4 | V7: 5 | W7: 6 | X7: 4 | Y7: 5 | Z7: 5 | AA7: 7 | AB7: 6 | AC7: 6 | AD7: 2 | AE7: 5 | AF7: 6 | AG7: 5 | AH7: 5 | AI7: 7 | AJ7: 7 | AK7: 5 | AL7: 7 | AM7: 0 | AN7: 4 | AO7: 7 | AP7: 7 | AQ7: 4 | AR7: 7 | AS7: 6 | AT7: 7 | AU7: 5 | AV7: 6 | AW7: 7 | AX7: 7 | AY7: 7 | AZ7: 7 | BA7: 4 | BB7: 5 | BC7: 6 | BD7: 6 | BE7: 6 | BF7: 6 | BG7: 5 | BH7: 6 | BI7: 5 | BJ7: 6 | BK7: 5 | BL7: 5 | BM7: 5 | BN7: 6 | BO7: 4 | BP7: 5 | BQ7: 5 | BR7: 2 | BS7: 1 | BT7: 7 | BU7: 5 | BV7: 3 | BW7: 7 | BX7: 3 | BY7: 4 | BZ7: 1 | CA7: 0 | CB7: 6 | CC7: 5 | CD7: 1 | CE7: 7 | CF7: 5 | CG7: 4 | CH7: 5 | CI7: 5 | CJ7: 6 | CK7: 7 | CL7: 7 | CM7: 7 | CN7: 7 | CO7: 4 | CP7: 6 | CQ7: 7 | CR7: 4 | CS7: 6 | CT7: 5 | CU7: 6 | CV7: 5 | CW7: 5 | CX7: 7 | CY7: 6 | CZ7: 5 | DA7: 7 | DB7: 6 | DC7: 7 | DD7: 7 | DE7: 6 | DF7: 7 | DG7: 5 | DH7: 6 | DI7: 5 | DJ7: 2 | DK7: 7 | DL7: 6 | DM7: 5 | DN7: 1 | DO7: 7 | DP7: 6 | DQ7: 5 | DR7: 6 | DS7: =SUM(C7:DR7) -> 629 | DT7: =DS7/120 -> 5.2416667
A8: envy | B8: joy | C8: 3 | D8: 0 | E8: 0 | F8: 2 | G8: 1 | H8: 0 | I8: 2 | J8: 0 | K8: 1 | L8: 1 | M8: 5 | N8: 0 | O8: 0 | P8: 0 | Q8: 3 | R8: 4 | S8: 0 | T8: 1 | U8: 0 | V8: 3 | W8: 1 | X8: 0 | Y8: 4 | Z8: 0 | AA8: 0 | AB8: 3 | AC8: 2 | AD8: 0 | AE8: 2 | AF8: 6 | AG8: 1 | AH8: 0 | AI8: 6 | AJ8: 5 | AK8: 0 | AL8: 6 | AM8: 0 | AN8: 1 | AO8: 4 | AP8: 1 | AQ8: 1 | AR8: 5 | AS8: 1 | AT8: 5 | AU8: 0 | AV8: 5 | AW8: 3 | AX8: 2 | AY8: 5 | AZ8: 1 | BA8: 1 | BB8: 2 | BC8: 1 | BD8: 1 | BE8: 2 | BF8: 5 | BG8: 0 | BH8: 1 | BI8: 2 | BJ8: 2 | BK8: 1 | BL8: 1 | BM8: 1 | BN8: 1 | BO8: 2 | BP8: 0 | BQ8: 1 | BR8: 0 | BS8: 0 | BT8: 1 | BU8: 0 | BV8: 1 | BW8: 0 | BX8: 0 | BY8: 1 | BZ8: 1 | CA8: 6 | CB8: 1 | CC8: 0 | CD8: 0 | CE8: 7 | CF8: 1 | CG8: 3 | CH8: 1 | CI8: 1 | CJ8: 0 | CK8: 1 | CL8: 1 | CM8: 1 | CN8: 3 | CO8: 2 | CP8: 0 | CQ8: 6 | CR8: 4 | CS8: 1 | CT8: 2 | CU8: 5 | CV8: 3 | CW8: 1 | CX8: 0 | CY8: 0 | CZ8: 0 | DA8: 3 | DB8: 0 | DC8: 2 | DD8: 5 | DE8: 0 | DF8: 0 | DG8: 1 | DH8: 3 | DI8: 3 | DJ8: 0 | DK8: 2 | DL8: 1 | DM8: 2 | DN8: 1 | DO8: 5 | DP8: 1 | DQ8: 0 | DR8: 3 | DS8: =SUM(C8:DR8) -> 206 | DT8: =DS8/120 -> 1.7166667
A9: fear | B9: anger | C9: 6 | D9: 5 | E9: 2 | F9: 5 | G9: 5 | H9: 7 | I9: 4 | J9: 7 | K9: 4 | L9: 6 | M9: 6 | N9: 4 | O9: 1 | P9: 7 | Q9: 4 | R9: 7 | S9: 1 | T9: 5 | U9: 2 | V9: 4 | W9: 6 | X9: 0 | Y9: 4 | Z9: 7 | AA9: 6 | AB9: 5 | AC9: 6 | AD9: 5 | AE9: 6 | AF9: 5 | AG9: 4 | AH9: 1 | AI9: 7 | AJ9: 6 | AK9: 5 | AL9: 7 | AM9: 7 | AN9: 3 | AO9: 6 | AP9: 6 | AQ9: 7 | AR9: 7 | AS9: 5 | AT9: 2 | AU9: 4 | AV9: 5 | AW9: 1 | AX9: 5 | AY9: 6 | AZ9: 5 | BA9: 4 | BB9: 4 | BC9: 6 | BD9: 0 | BE9: 6 | BF9: 6 | BG9: 4 | BH9: 5 | BI9: 5 | BJ9: 5 | BK9: 5 | BL9: 6 | BM9: 6 | BN9: 6 | BO9: 4 | BP9: 6 | BQ9: 2 | BR9: 7 | BS9: 2 | BT9: 5 | BU9: 5 | BV9: 4 | BW9: 4 | BX9: 0 | BY9: 6 | BZ9: 5 | CA9: 6 | CB9: 5 | CC9: 3 | CD9: 5 | CE9: 0 | CF9: 4 | CG9: 6 | CH9: 4 | CI9: 5 | CJ9: 2 | CK9: 5 | CL9: 4 | CM9: 4 | CN9: 6 | CO9: 4 | CP9: 7 | CQ9: 6 | CR9: 5 | CS9: 6 | CT9: 5 | CU9: 5 | CV9: 5 | CW9: 1 | CX9: 7 | CY9: 4 | CZ9: 7 | DA9: 7 | DB9: 6 | DC9: 6 | DD9: 6 | DE9: 4 | DF9: 1 | DG9: 7 | DH9: 0 | DI9: 5 | DJ9: 5 | DK9: 7 | DL9: 2 | DM9: 4 | DN9: 5 | DO9: 4 | DP9: 7 | DQ9: 5 | DR9: 4 | DS9: =SUM(C9:DR9) -> 565 | DT9: =DS9/120 -> 4.7083333
A10: pink | B10: green | C10: 4 | D10: 1 | E10: 1 | F10: 3 | G10: 2 | H10: 1 | I10: 3 | J10: 0 | K10: 1 | L10: 5 | M10: 5 | N10: 4 | O10: 0 | P10: 5 | Q10: 6 | R10: 3 | S10: 4 | T10: 4 | U10: 4 | V10: 3 | W10: 2 | X10: 4 | Y10: 4 | Z10: 3 | AA10: 7 | AB10: 6 | AC10: 3 | AD10: 0 | AE10: 5 | AF10: 6 | AG10: 2 | AH10: 0 | AI10: 7 | AJ10: 6 | AK10: 1 | AL10: 7 | AM10: 0 | AN10: 2 | AO10: 5 | AP10: 4 | AQ10: 2 | AR10: 6 | AS10: 3 | AT10: 6 | AU10: 1 | AV10: 5 | AW10: 2 | AX10: 2 | AY10: 4 | AZ10: 4 | BA10: 3 | BB10: 5 | BC10: 4 | BD10: 2 | BE10: 5 | BF10: 4 | BG10: 2 | BH10: 3 | BI10: 4 | BJ10: 4 | BK10: 1 | BL10: 2 | BM10: 1 | BN10: 0 | BO10: 4 | BP10: 2 | BQ10: 1 | BR10: 1 | BS10: 1 | BT10: 6 | BU10: 2 | BV10: 1 | BW10: 7 | BX10: 0 | BY10: 4 | BZ10: 2 | CA10: 6 | CB10: 1 | CC10: 5 | CD10: 1 | CE10: 7 | CF10: 5 | CG10: 2 | CH10: 1 | CI10: 3 | CJ10: 5 | CK10: 2 | CL10: 5 | CM10: 4 | CN10: 6 | CO10: 2 | CP10: 3 | CQ10: 7 | CR10: 5 | CS10: 4 | CT10: 3 | CU10: 5 | CV10: 5 | CW10: 5 | CX10: 5 | CY10: 2 | CZ10: 3 | DA10: 4 | DB10: 0 | DC10: 6 | DD10: 6 | DE10: 3 | DF10: 4 | DG10: 3 | DH10: 4 | DI10: 2 | DJ10: 2 | DK10: 7 | DL10: 2 | DM10: 4 | DN10: 1 | DO10: 6 | DP10: 5 | DQ10: 4 | DR10: 3 | DS10: =SUM(C10:DR10) -> 407 | DT10: =DS10/120 -> 3.3916667
A11: blue | B11: anger | C11: 2 | D11: 0 | E11: 0 | F11: 4 | G11: 0 | H11: 0 | I11: 2 | J11: 0 | K11: 1 | L11: 1 | M11: 3 | N11: 0 | O11: 0 | P11: 1 | Q11: 1 | R11: 1 | S11: 0 | T11: 1 | U11: 0 | V11: 1 | W11: 3 | X11: 5 | Y11: 4 | Z11: 3 | AA11: 0 | AB11: 1 | AC11: 0 | AD11: 3 | AE11: 4 | AF11: 3 | AG11: 1 | AH11: 0 | AI11: 0 | AJ11: 2 | AK11: 0 | AL11: 2 | AM11: 6 | AN11: 2 | AO11: 0 | AP11: 1 | AQ11: 0 | AR11: 2 | AS11: 0 | AT11: 0 | AU11: 1 | AV11: 0 | AW11: 0 | AX11: 2 | AY11: 5 | AZ11: 2 | BA11: 0 | BB11: 0 | BC11: 3 | BD11: 0 | BE11: 3 | BF11: 1 | BG11: 0 | BH11: 3 | BI11: 1 | BJ11: 1 | BK11: 2 | BL11: 1 | BM11: 3 | BN11: 1 | BO11: 1 | BP11: 0 | BQ11: 1 | BR11: 2 | BS11: 0 | BT11: 5 | BU11: 0 | BV11: 1 | BW11: 0 | BX11: 0 | BY11: 3 | BZ11: 0 | CA11: 0 | CB11: 1 | CC11: 0 | CD11: 1 | CE11: 0 | CF11: 0 | CG11: 0 | CH11: 2 | CI11: 2 | CJ11: 2 | CK11: 5 | CL11: 1 | CM11: 1 | CN11: 1 | CO11: 1 | CP11: 4 | CQ11: 0 | CR11: 1 | CS11: 0 | CT11: 3 | CU11: 2 | CV11: 2 | CW11: 3 | CX11: 2 | CY11: 1 | CZ11: 2 | DA11: 2 | DB11: 0 | DC11: 0 | DD11: 4 | DE11: 1 | DF11: 0 | DG11: 1 | DH11: 0 | DI11: 3 | DJ11: 2 | DK11: 0 | DL11: 1 | DM11: 2 | DN11: 2 | DO11: 3 | DP11: 1 | DQ11: 0 | DR11: 2 | DS11: =SUM(C11:DR11) -> 163 | DT11: =DS11/120 -> 1.3583333
A12: green | B12: joy | C12: 5 | D12: 2 | E12: 4 | F12: 3 | G12: 2 | H12: 6 | I12: 3 | J12: 0 | K12: 5 | L12: 5 | M12: 2 | N12: 4 | O12: 1 | P12: 5 | Q12: 1 | R12: 3 | S12: 1 | T12: 2 | U12: 0 | V12: 0 | W12: 5 | X12: 7 | Y12: 4 | Z12: 4 | AA12: 0 | AB12: 1 | AC12: 1 | AD12: 4 | AE12: 1 | AF12: 1 | AG12: 3 | AH12: 4 | AI12: 1 | AJ12: 2 | AK12: 4 | AL12: 2 | AM12: 5 | AN12: 4 | AO12: 1 | AP12: 6 | AQ12: 5 | AR12: 1 | AS12: 1 | AT12: 0 | AU12: 3 | AV12: 0 | AW12: 1 | AX12: 2 | AY12: 1 | AZ12: 4 | BA12: 1 | BB12: 4 | BC12: 4 | BD12: 6 | BE12: 3 | BF12: 1 | BG12: 3 | BH12: 4 | BI12: 3 | BJ12: 5 | BK12: 3 | BL12: 6 | BM12: 5 | BN12: 4 | BO12: 1 | BP12: 5 | BQ12: 0 | BR12: 2 | BS12: 1 | BT12: 2 | BU12: 4 | BV12: 3 | BW12: 0 | BX12: 4 | BY12: 2 | BZ12: 0 | CA12: 0 | CB12: 1 | CC12: 0 | CD12: 4 | CE12: 0 | CF12: 6 | CG12: 1 | CH12: 4 | CI12: 7 | CJ12: 0 | CK12: 5 | CL12: 0 | CM12: 1 | CN12: 3 | CO12: 1 | CP12: 3 | CQ12: 2 | CR12: 0 | CS12: 0 | CT12: 4 | CU12: 4 | CV12: 3 | CW12: 4 | CX12: 5 | CY12: 5 | CZ12: 5 | DA12: 4 | DB12: 5 | DC12: 3 | DD12: 1 | DE12: 2 | DF12: 4 | DG12: 5 | DH12: 5 | DI12: 4 | DJ12: 0 | DK12: 7 | DL12: 5 | DM12: 1 | DN12: 3 | DO12: 4 | DP12: 1 | DQ12: 3 | DR12: 3 | DS12: =SUM(C12:DR12) -> 336 | DT12: =DS12/120 -> 2.8
A13: anger | B13: defeated | C13: 5 | D13: 5 | E13: 2 | F13: 4 | G13: 4 | H13: 7 | I13: 4 | J13: 1 | K13: 2 | L13: 2 | M13: 5 | N13: 4 | O13: 0 | P13: 7 | Q13: 1 | R13: 4 | S13: 7 | T13: 5 | U13: 2 | V13: 5 | W13: 5 | X13: 6 | Y13: 4 | Z13: 4 | AA13: 2 | AB13: 2 | AC13: 6 | AD13: 4 | AE13: 4 | AF13: 6 | AG13: 6 | AH13: 4 | AI13: 5 | AJ13: 5 | AK13: 5 | AL13: 5 | AM13: 3 | AN13: 3 | AO13: 6 | AP13: 6 | AQ13: 2 | AR13: 6 | AS13: 6 | AT13: 4 | AU13: 6 | AV13: 4 | AW13: 6 | AX13: 5 | AY13: 6 | AZ13: 3 | BA13: 5 | BB13: 5 | BC13: 5 | BD13: 6 | BE13: 2 | BF13: 6 | BG13: 5 | BH13: 4 | BI13: 4 | BJ13: 5 | BK13: 5 | BL13: 6 | BM13: 4 | BN13: 1 | BO13: 3 | BP13: 6 | BQ13: 1 | BR13: 6 | BS13: 5 | BT13: 5 | BU13: 5 | BV13: 3 | BW13: 0 | BX13: 4 | BY13: 4 | BZ13: 1 | CA13: 5 | CB13: 1 | CC13: 0 | CD13: 3 | CE13: 0 | CF13: 0 | CG13: 6 | CH13: 4 | CI13: 6 | CJ13: 3 | CK13: 6 | CL13: 1 | CM13: 4 | CN13: 7 | CO13: 3 | CP13: 4 | CQ13: 5 | CR13: 3 | CS13: 5 | CT13: 5 | CU13: 5 | CV13: 5 | CW13: 2 | CX13: 6 | CY13: 2 | CZ13: 6 | DA13: 5 | DB13: 5 | DC13: 5 | DD13: 4 | DE13: 4 | DF13: 1 | DG13: 6 | DH13: 0 | DI13: 5 | DJ13: 5 | DK13: 1 | DL13: 6 | DM13: 4 | DN13: 5 | DO13: 6 | DP13: 5 | DQ13: 4 | DR13: 4 | DS13: =SUM(C13:DR13) -> 493 | DT13: =DS13/120 -> 4.1083333
... A254: anxiety | B254: boredom | C254: 2 | D254: 4 | E254: 1 | F254: 4 | G254: 1 | H254: 6 | I254: 3 | J254: 5 | K254: 1 | L254: 1 | M254: 5 | N254: 0 | O254: 2 | P254: 2 | Q254: 2 | R254: 2 | S254: 6 | T254: 4 | U254: 1 | V254: 4 | W254: 4 | X254: 6 | Y254: 4 | Z254: 6 | AA254: 0 | AB254: 4 | AC254: 6 | AD254: 0 | AE254: 5 | AF254: 3 | AG254: 6 | AH254: 3 | AI254: 1 | AJ254: 2 | AK254: 3 | AL254: 5 | AM254: 2 | AN254: 2 | AO254: 6 | AP254: 0 | AQ254: 5 | AR254: 5 | AS254: 5 | AT254: 0 | AU254: 0 | AV254: 5 | AW254: 0 | AX254: 2 | AY254: 3 | AZ254: 4 | BA254: 1 | BB254: 4 | BC254: 5 | BD254: 6 | BE254: 1 | BF254: 6 | BG254: 3 | BH254: 4 | BI254: 0 | BJ254: 3 | BK254: 2 | BL254: 1 | BM254: 3 | BN254: 6 | BO254: 2 | BP254: 2 | BQ254: 5 | BR254: 7 | BS254: 5 | BT254: 6 | BU254: 0 | BV254: 0 | BW254: 0 | BX254: 5 | BY254: 3 | BZ254: 3 | CA254: 3 | CB254: 2 | CC254: 0 | CD254: 5 | CE254: 0 | CF254: 5 | CG254: 5 | CH254: 3 | CI254: 2 | CJ254: 0 | CK254: 5 | CL254: 3 | CM254: 2 | CN254: 0 | CO254: 5 | CP254: 0 | CQ254: 6 | CR254: 3 | CS254: 3 | CT254: 1 | CU254: 1 | CV254: 5 | CW254: 7 | CX254: 5 | CY254: 5 | CZ254: 6 | DA254: 3 | DB254: 7 | DC254: 4 | DD254: 4 | DE254: 4 | DF254: 0 | DG254: 6 | DH254: 0 | DI254: 2 | DJ254: 5 | DK254: 4 | DL254: 4 | DM254: 4 | DN254: 3 | DO254: 4 | DP254: 1 | DQ254: 0 | DR254: 2 | DS254: =SUM(C254:DR254) -> 375 | DT254: =DS254/120 -> 3.125

Sheet converted to dissimilarity
A1: BDI | C1: 24 | D1: 11 | E1: 13 | F1: 22 | G1: 11 | H1: 21 | I1: 9 | J1: 5 | K1: 5 | L1: 9 | M1: 20 | N1: 34 | O1: 24 | P1: 0 | Q1: 1 | R1: 10 | S1: 0 | T1: 29 | U1: 0 | V1: 31 | W1: 2 | X1: 1 | Y1: 10 | Z1: 1 | AA1: 0 | AB1: 18 | AC1: 9 | AD1: 29 | AE1: 0 | AF1: 6 | AG1: 29 | AH1: 0 | AI1: 7 | AJ1: 0 | AK1: 0 | AL1: 0 | AM1: 21 | AN1: 21 | AO1: 25 | AP1: 10 | AQ1: 6 | AR1: 34 | AS1: 16 | AT1: 0 | AU1: 19 | AV1: 25 | AW1: 3 | AX1: 28 | AY1: 18 | AZ1: 39 | BA1: 0 | BB1: 25 | BC1: 7 | BD1: 7 | BE1: 12 | BF1: 7 | BG1: 38 | BH1: 3 | BI1: 15 | BJ1: 6 | BK1: 4 | BL1: 7 | BM1: 0 | BN1: 14 | BO1: 3 | BP1: 11 | BQ1: 20 | BR1: 1 | BS1: 8 | BT1: 0 | BU1: 36 | BV1: 18 | BW1: 0 | BX1: 8 | BY1: 10 | BZ1: 11 | CA1: 4 | CB1: 10 | CC1: 5 | CD1: 1 | CE1: 0 | CF1: 12 | CG1: 26 | CH1: 19 | CI1: 0 | CJ1: 1 | CK1: 29 | CL1: 17 | CM1: 1 | CN1: 26 | CO1: 16 | CP1: 12 | CQ1: 13 | CR1: 6 | CS1: 0 | CT1: 10 | CU1: 2 | CV1: 1 | CW1: 0 | CX1: 26 | CY1: 1 | CZ1: 7 | DA1: 4 | DB1: 8 | DC1: 0 | DD1: 4 | DE1: 39 | DF1: 1 | DG1: 17 | DH1: 17 | DI1: 0 | DJ1: 15 | DK1: 9 | DL1: 19 | DM1: 14 | DN1: 5 | DO1: 18 | DP1: 5 | DQ1: 14 | DR1: 32
A2: brown | B2: anger | C2: =7-'converted to 0-7 ALL-value'!C2 -> 7 | D2: =7-'converted to 0-7 ALL-value'!D2 -> 7 | E2: =7-'converted to 0-7 ALL-value'!E2 -> 7 | F2: =7-'converted to 0-7 ALL-value'!F2 -> 1 | G2: =7-'converted to 0-7 ALL-value'!G2 -> 6 | H2: =7-'converted to 0-7 ALL-value'!H2 -> 5 | I2: =7-'converted to 0-7 ALL-value'!I2 -> 6 | J2: =7-'converted to 0-7 ALL-value'!J2 -> 0 | ... DR2: =7-'converted to 0-7 ALL-value'!DR2 -> 5
A3: orange | B3: anxiety | C3: =7-'converted to 0-7 ALL-value'!C3 -> 7 | D3: =7-'converted to 0-7 ALL-value'!D3 -> 7 | E3: =7-'converted to 0-7 ALL-value'!E3 -> 6 | F3: =7-'converted to 0-7 ALL-value'!F3 -> 5 | G3: =7-'converted to 0-7 ALL-value'!G3 -> 7 | H3: =7-'converted to 0-7 ALL-value'!H3 -> 7 | I3: =7-'converted to 0-7 ALL-value'!I3 -> 6 | J3: =7-'converted to 0-7 ALL-value'!J3 -> 7 | ... DR3: =7-'converted to 0-7 ALL-value'!DR3 -> 3
A4: red | B4: yellow | C4: =7-'converted to 0-7 ALL-value'!C4 -> 3 | D4: =7-'converted to 0-7 ALL-value'!D4 -> 6 | E4: =7-'converted to 0-7 ALL-value'!E4 -> 5 | F4: =7-'converted to 0-7 ALL-value'!F4 -> 2 | G4: =7-'converted to 0-7 ALL-value'!G4 -> 3 | H4: =7-'converted to 0-7 ALL-value'!H4 -> 3 | I4: =7-'converted to 0-7 ALL-value'!I4 -> 4 | J4: =7-'converted to 0-7 ALL-value'!J4 -> 0 | ... DR4: =7-'converted to 0-7 ALL-value'!DR4 -> 1
A5: black | B5: blue | C5: =7-'converted to 0-7 ALL-value'!C5 -> 3 | D5: =7-'converted to 0-7 ALL-value'!D5 -> 7 | E5: =7-'converted to 0-7 ALL-value'!E5 -> 6 | F5: =7-'converted to 0-7 ALL-value'!F5 -> 1 | G5: =7-'converted to 0-7 ALL-value'!G5 -> 4 | H5: =7-'converted to 0-7 ALL-value'!H5 -> 1 | I5: =7-'converted to 0-7 ALL-value'!I5 -> 4 | J5: =7-'converted to 0-7 ALL-value'!J5 -> 0 | ... DR5: =7-'converted to 0-7 ALL-value'!DR5 -> 1
A6: green | B6: calm | C6: =7-'converted to 0-7 ALL-value'!C6 -> 2 | D6: =7-'converted to 0-7 ALL-value'!D6 -> 5 | E6: =7-'converted to 0-7 ALL-value'!E6 -> 2 | F6: =7-'converted to 0-7 ALL-value'!F6 -> 2 | G6: =7-'converted to 0-7 ALL-value'!G6 -> 7 | H6: =7-'converted to 0-7 ALL-value'!H6 -> 1 | I6: =7-'converted to 0-7 ALL-value'!I6 -> 4 | J6: =7-'converted to 0-7 ALL-value'!J6 -> 0 | ... DR6: =7-'converted to 0-7 ALL-value'!DR6 -> 2
A7: red | B7: pink | C7: =7-'converted to 0-7 ALL-value'!C7 -> 1 | D7: =7-'converted to 0-7 ALL-value'!D7 -> 6 | E7: =7-'converted to 0-7 ALL-value'!E7 -> 3 | F7: =7-'converted to 0-7 ALL-value'!F7 -> 1 | G7: =7-'converted to 0-7 ALL-value'!G7 -> 1 | H7: =7-'converted to 0-7 ALL-value'!H7 -> 1 | I7: =7-'converted to 0-7 ALL-value'!I7 -> 4 | J7: =7-'converted to 0-7 ALL-value'!J7 -> 0 | ... DR7: =7-'converted to 0-7 ALL-value'!DR7 -> 1
A8: envy | B8: joy | C8: =7-'converted to 0-7 ALL-value'!C8 -> 4 | D8: =7-'converted to 0-7 ALL-value'!D8 -> 7 | E8: =7-'converted to 0-7 ALL-value'!E8 -> 7 | F8: =7-'converted to 0-7 ALL-value'!F8 -> 5 | G8: =7-'converted to 0-7 ALL-value'!G8 -> 6 | H8: =7-'converted to 0-7 ALL-value'!H8 -> 7 | I8: =7-'converted to 0-7 ALL-value'!I8 -> 5 | J8: =7-'converted to 0-7 ALL-value'!J8 -> 7 | ... DR8: =7-'converted to 0-7 ALL-value'!DR8 -> 4
A9: fear | B9: anger | C9: =7-'converted to 0-7 ALL-value'!C9 -> 1 | D9: =7-'converted to 0-7 ALL-value'!D9 -> 2 | E9: =7-'converted to 0-7 ALL-value'!E9 -> 5 | F9: =7-'converted to 0-7 ALL-value'!F9 -> 2 | G9: =7-'converted to 0-7 ALL-value'!G9 -> 2 | H9: =7-'converted to 0-7 ALL-value'!H9 -> 0 | I9: =7-'converted to 0-7 ALL-value'!I9 -> 3 | J9: =7-'converted to 0-7 ALL-value'!J9 -> 0 | ... DR9: =7-'converted to 0-7 ALL-value'!DR9 -> 3
A10: pink | B10: green | C10: =7-'converted to 0-7 ALL-value'!C10 -> 3 | D10: =7-'converted to 0-7 ALL-value'!D10 -> 6 | E10: =7-'converted to 0-7 ALL-value'!E10 -> 6 | F10: =7-'converted to 0-7 ALL-value'!F10 -> 4 | G10: =7-'converted to 0-7 ALL-value'!G10 -> 5 | H10: =7-'converted to 0-7 ALL-value'!H10 -> 6 | I10: =7-'converted to 0-7 ALL-value'!I10 -> 4 | J10: =7-'converted to 0-7 ALL-value'!J10 -> 7 | ... DR10: =7-'converted to 0-7 ALL-value'!DR10 -> 4
A11: blue | B11: anger | C11: =7-'converted to 0-7 ALL-value'!C11 -> 5 | D11: =7-'converted to 0-7 ALL-value'!D11 -> 7 | E11: =7-'converted to 0-7 ALL-value'!E11 -> 7 | F11: =7-'converted to 0-7 ALL-value'!F11 -> 3 | G11: =7-'converted to 0-7 ALL-value'!G11 -> 7 | H11: =7-'converted to 0-7 ALL-value'!H11 -> 7 | I11: =7-'converted to 0-7 ALL-value'!I11 -> 5 | J11: =7-'converted to 0-7 ALL-value'!J11 -> 7 | ... DR11: =7-'converted to 0-7 ALL-value'!DR11 -> 5
A12: green | B12: joy | C12: =7-'converted to 0-7 ALL-value'!C12 -> 2 | D12: =7-'converted to 0-7 ALL-value'!D12 -> 5 | E12: =7-'converted to 0-7 ALL-value'!E12 -> 3 | F12: =7-'converted to 0-7 ALL-value'!F12 -> 4 | G12: =7-'converted to 0-7 ALL-value'!G12 -> 5 | H12: =7-'converted to 0-7 ALL-value'!H12 -> 1 | I12: =7-'converted to 0-7 ALL-value'!I12 -> 4 | J12: =7-'converted to 0-7 ALL-value'!J12 -> 7 | ... DR12: =7-'converted to 0-7 ALL-value'!DR12 -> 4
A13: anger | B13: defeated | C13: =7-'converted to 0-7 ALL-value'!C13 -> 2 | D13: =7-'converted to 0-7 ALL-value'!D13 -> 2 | E13: =7-'converted to 0-7 ALL-value'!E13 -> 5 | F13: =7-'converted to 0-7 ALL-value'!F13 -> 3 | G13: =7-'converted to 0-7 ALL-value'!G13 -> 3 | H13: =7-'converted to 0-7 ALL-value'!H13 -> 0 | I13: =7-'converted to 0-7 ALL-value'!I13 -> 3 | J13: =7-'converted to 0-7 ALL-value'!J13 -> 6 | ... DR13: =7-'converted to 0-7 ALL-value'!DR13 -> 3
... A254: anxiety | B254: boredom | C254: =7-'converted to 0-7 ALL-value'!C254 -> 5 | D254: =7-'converted to 0-7 ALL-value'!D254 -> 3 | E254: =7-'converted to 0-7 ALL-value'!E254 -> 6 | F254: =7-'converted to 0-7 ALL-value'!F254 -> 3 | G254: =7-'converted to 0-7 ALL-value'!G254 -> 6 | H254: =7-'converted to 0-7 ALL-value'!H254 -> 1 | I254: =7-'converted to 0-7 ALL-value'!I254 -> 4 | J254: =7-'converted to 0-7 ALL-value'!J254 -> 2 | ... DR254: =7-'converted to 0-7 ALL-value'!DR254 -> 5

Sheet w.o double
A1: BDI | C1: 24 | D1: 11 | E1: 13 | F1: 22 | G1: 11 | H1: 21 | I1: 9 | J1: 5 | K1: 5 | L1: 9 | M1: 20 | N1: 34 | O1: 24 | P1: 0 | Q1: 1 | R1: 10 | S1: 0 | T1: 29 | U1: 0 | V1: 31 | W1: 2 | X1: 1 | Y1: 10 | Z1: 1 | AA1: 0 | AB1: 18 | AC1: 9 | AD1: 29 | AE1: 0 | AF1: 6 | AG1: 29 | AH1: 0 | AI1: 7 | AJ1: 0 | AK1: 0 | AL1: 0 | AM1: 21 | AN1: 21 | AO1: 25 | AP1: 10 | AQ1: 6 | AR1: 34 | AS1: 16 | AT1: 0 | AU1: 19 | AV1: 25 | AW1: 3 | AX1: 28 | AY1: 18 | AZ1: 39 | BA1: 0 | BB1: 25 | BC1: 7 | BD1: 7 | BE1: 12 | BF1: 7 | BG1: 38 | BH1: 3 | BI1: 15 | BJ1: 6 | BK1: 4 | BL1: 7 | BM1: 0 | BN1: 14 | BO1: 3 | BP1: 11 | BQ1: 20 | BR1: 1 | BS1: 8 | BT1: 0 | BU1: 36 | BV1: 18 | BW1: 0 | BX1: 8 | BY1: 10 | BZ1: 11 | CA1: 4 | CB1: 10 | CC1: 5 | CD1: 1 | CE1: 0 | CF1: 12 | CG1: 26 | CH1: 19 | CI1: 0 | CJ1: 1 | CK1: 29 | CL1: 17 | CM1: 1 | CN1: 26 | CO1: 16 | CP1: 12 | CQ1: 13 | CR1: 6 | CS1: 0 | CT1: 10 | CU1: 2 | CV1: 1 | CW1: 0 | CX1: 26 | CY1: 1 | CZ1: 7 | DA1: 4 | DB1: 8 | DC1: 0 | DD1: 4 | DE1: 39 | DF1: 1 | DG1: 17 | DH1: 17 | DI1: 0 | DJ1: 15 | DK1: 9 | DL1: 19 | DM1: 14 | DN1: 5 | DO1: 18 | DP1: 5 | DQ1: 14 | DR1: 32
A2: brown | B2: anger | C2: -4 | D2: -4 | E2: -4 | F2: 3 | G2: -3 | H2: -2 | I2: -3 | J2: 4 | K2: -2 | L2: -3 | M2: 3 | N2: -4 | O2: -4 | P2: -3 | Q2: -4 | R2: -3 | S2: -3 | T2: -3 | U2: -4 | V2: -4 | W2: 2 | X2: 1 | Y2: -4 | Z2: -1 | AA2: -4 | AB2: -3 | AC2: -2 | AD2: -3 | AE2: -1 | AF2: -4 | AG2: -1 | AH2: -4 | AI2: -3 | AJ2: -3 | AK2: -4 | AL2: -2 | AM2: -3 | AN2: -2 | AO2: -3 | AP2: -2 | AQ2: -1 | AR2: -3 | AS2: -4 | AT2: -4 | AU2: -3 | AV2: -4 | AW2: -4 | AX2: -4 | AY2: -4 | AZ2: -4 | BA2: -4 | BB2: -3 | BC2: -3 | BD2: -3 | BE2: -1 | BF2: -4 | BG2: -4 | BH2: -1 | BI2: -3 | BJ2: -4 | BK2: -2 | BL2: -3 | BM2: -2 | BN2: -3 | BO2: -4 | BP2: -4 | BQ2: -4 | BR2: -2 | BS2: -4 | BT2: -4 | BU2: -4 | BV2: -3 | BW2: -4 | BX2: -4 | BY2: -2 | BZ2: -4 | CA2: -4 | CB2: -3 | CC2: -4 | CD2: -3 | CE2: -4 | CF2: -1 | CG2: -1 | CH2: -3 | CI2: -2 | CJ2: -4 | CK2: 1 | CL2: -4 | CM2: -4 | CN2: -3 | CO2: -3 | CP2: -1 | CQ2: -4 | CR2: -4 | CS2: -4 | CT2: -2 | CU2: -2 | CV2: -3 | CW2: 1 | CX2: 1 | CY2: -2 | CZ2: -4 | DA2: -1 | DB2: -4 | DC2: -3 | DD2: -4 | DE2: -4 | DF2: -4 | DG2: -2 | DH2: -4 | DI2: -3 | DJ2: -4 | DK2: -4 | DL2: -4 | DM2: -2 | DN2: -1 | DO2: -3 | DP2: -3 | DQ2: -4 | DR2: -2
A3: orange | B3: anxiety | C3: -4 | D3: -4 | E3: -3 | F3: -2 | G3: -4 | H3: -4 | I3: -3 | J3: -4 | K3: 2 | L3: 1 | M3: -1 | N3: -4 | O3: -4 | P3: 2 | Q3: -4 | R3: -4 | S3: -3 | T3: -4 | U3: -4 | V3: -4 | W3: 1 | X3: -3 | Y3: -4 | Z3: 1 | AA3: -4 | AB3: -2 | AC3: -3 | AD3: -3 | AE3: -3 | AF3: -2 | AG3: -3 | AH3: -2 | AI3: -3 | AJ3: -3 | AK3: -3 | AL3: -2 | AM3: 1 | AN3: -2 | AO3: -3 | AP3: -3 | AQ3: -2 | AR3: -3 | AS3: -4 | AT3: -4 | AU3: 2 | AV3: -4 | AW3: -3 | AX3: -4 | AY3: -3 | AZ3: -4 | BA3: -4 | BB3: -4 | BC3: -1 | BD3: 1 | BE3: 3 | BF3: -4 | BG3: -4 | BH3: 1 | BI3: -3 | BJ3: -3 | BK3: -1 | BL3: -2 | BM3: -3 | BN3: -1 | BO3: -2 | BP3: 2 | BQ3: -3 | BR3: -3 | BS3: -4 | BT3: -4 | BU3: -4 | BV3: -4 | BW3: -4 | BX3: -3 | BY3: -2 | BZ3: -4 | CA3: -3 | CB3: -3 | CC3: -4 | CD3: -3 | CE3: -4 | CF3: 3 | CG3: 2 | CH3: -3 | CI3: -3 | CJ3: -4 | CK3: -2 | CL3: -3 | CM3: -4 | CN3: -3 | CO3: -3 | CP3: -2 | CQ3: -4 | CR3: -4 | CS3: -4 | CT3: -1 | CU3: 1 | CV3: -3 | CW3: -1 | CX3: -3 | CY3: 2 | CZ3: 1 | DA3: 1 | DB3: -4 | DC3: -2 | DD3: -2 | DE3: -2 | DF3: -1 | DG3: 1 | DH3: -3 | DI3: -2 | DJ3: -4 | DK3: -4 | DL3: -3 | DM3: -3 | DN3: -2 | DO3: 2 | DP3: -3 | DQ3: 1 | DR3: 1
A4: red | B4: yellow | C4: 1 | D4: -3 | E4: -2 | F4: 2 | G4: 1 | H4: 1 | I4: -1 | J4: 4 | K4: -4 | L4: 3 | M4: 1 | N4: -4 | O4: -3 | P4: 2 | Q4: -2 | R4: 2 | S4: 1 | T4: 1 | U4: 4 | V4: -1 | W4: -2 | X4: 1 | Y4: 1 | Z4: 1 | AA4: 4 | AB4: 3 | AC4: -1 | AD4: -2 | AE4: 2 | AF4: 3 | AG4: -4 | AH4: -2 | AI4: 4 | AJ4: 4 | AK4: -2 | AL4: 4 | AM4: -3 | AN4: -3 | AO4: 4 | AP4: -1 | AQ4: -2 | AR4: 4 | AS4: 1 | AT4: 3 | AU4: 1 | AV4: 2 | AW4: 3 | AX4: 3 | AY4: 2 | AZ4: 3 | BA4: -1 | BB4: 2 | BC4: 2 | BD4: -3 | BE4: 3 | BF4: 2 | BG4: -1 | BH4: -1 | BI4: 1 | BJ4: 1 | BK4: -1 | BL4: -3 | BM4: 1 | BN4: -4 | BO4: 1 | BP4: 1 | BQ4: -4 | BR4: -3 | BS4: -3 | BT4: 4 | BU4: -3 | BV4: -3 | BW4: 4 | BX4: -4 | BY4: 2 | BZ4: -3 | CA4: 4 | CB4: 1 | CC4: 2 | CD4: -3 | CE4: 4 | CF4: 2 | CG4: 1 | CH4: -2 | CI4: -4 | CJ4: 2 | CK4: 3 | CL4: 3 | CM4: 3 | CN4: 3 | CO4: 2 | CP4: -4 | CQ4: 4 | CR4: 1 | CS4: 2 | CT4: -2 | CU4: 3 | CV4: 2 | CW4: 2 | CX4: 1 | CY4: -2 | CZ4: -4 | DA4: 2 | DB4: -4 | DC4: 4 | DD4: 4 | DE4: -1 | DF4: -1 | DG4: -1 | DH4: 2 | DI4: -1 | DJ4: 1 | DK4: 4 | DL4: -2 | DM4: 1 | DN4: 1 | DO4: 4 | DP4: 2 | DQ4: -4 | DR4: 3
A5: black | B5: blue | C5: 1 | D5: -4 | E5: -3 | F5: 3 | G5: -1 | H5: 3 | I5: -1 | J5: 4 | K5: -3 | L5: 3 | M5: 3 | N5: 1 | O5: -3 | P5: 3 | Q5: 3 | R5: 2 | S5: -3 | T5: 2 | U5: 2 | V5: 1 | W5: 2 | X5: 2 | Y5: 1 | Z5: 1 | AA5: 4 | AB5: 3 | AC5: -1 | AD5: -2 | AE5: 2 | AF5: 3 | AG5: -1 | AH5: -3 | AI5: 4 | AJ5: 4 | AK5: 1 | AL5: 4 | AM5: 1 | AN5: -1 | AO5: 3 | AP5: 2 | AQ5: -1 | AR5: 4 | AS5: 1 | AT5: 3 | AU5: 1 | AV5: 2 | AW5: 3 | AX5: 3 | AY5: 1 | AZ5: 2 | BA5: -2 | BB5: 2 | BC5: -2 | BD5: 2 | BE5: 3 | BF5: 3 | BG5: 1 | BH5: 2 | BI5: 2 | BJ5: 2 | BK5: 1 | BL5: -1 | BM5: 1 | BN5: 1 | BO5: 1 | BP5: -4 | BQ5: -4 | BR5: 2 | BS5: -3 | BT5: 3 | BU5: -2 | BV5: -2 | BW5: 4 | BX5: -3 | BY5: 3 | BZ5: -2 | CA5: 3 | CB5: 2 | CC5: 2 | CD5: -3 | CE5: 4 | CF5: 2 | CG5: 3 | CH5: 2 | CI5: 2 | CJ5: 2 | CK5: 3 | CL5: 2 | CM5: 3 | CN5: 4 | CO5: -1 | CP5: 2 | CQ5: 4 | CR5: 2 | CS5: 2 | CT5: 1 | CU5: 2 | CV5: 2 | CW5: 2 | CX5: 2 | CY5: 2 | CZ5: -1 | DA5: 2 | DB5: 2 | DC5: 4 | DD5: 1 | DE5: -1 | DF5: 2 | DG5: 1 | DH5: 3 | DI5: -1 | DJ5: -2 | DK5: 4 | DL5: -2 | DM5: 2 | DN5: 3 | DO5: 4 | DP5: 2 | DQ5: -2 | DR5: 3
A6: green | B6: calm | C6: 2 | D6: -2 | E6: 2 | F6: 2 | G6: -4 | H6: 3 | I6: -1 | J6: 4 | K6: 3 | L6: 2 | M6: -2 | N6: 1 | O6: -3 | P6: 4 | Q6: -3 | R6: -3 | S6: -3 | T6: 2 | U6: 1 | V6: -3 | W6: 2 | X6: 4 | Y6: 1 | Z6: 2 | AA6: 2 | AB6: -3 | AC6: 1 | AD6: 1 | AE6: -4 | AF6: -2 | AG6: 2 | AH6: 2 | AI6: 1 | AJ6: 2 | AK6: 3 | AL6: -2 | AM6: 3 | AN6: 2 | AO6: -1 | AP6: 3 | AQ6: 1 | AR6: -2 | AS6: -2 | AT6: -4 | AU6: 1 | AV6: 2 | AW6: 2 | AX6: 2 | AY6: -3 | AZ6: 1 | BA6: -1 | BB6: 3 | BC6: 1 | BD6: 3 | BE6: -1 | BF6: -2 | BG6: 1 | BH6: 1 | BI6: 2 | BJ6: 1 | BK6: 1 | BL6: 3 | BM6: 2 | BN6: -2 | BO6: -3 | BP6: 4 | BQ6: -4 | BR6: -2 | BS6: -3 | BT6: -4 | BU6: -1 | BV6: -3 | BW6: -4 | BX6: -1 | BY6: 1 | BZ6: -4 | CA6: -3 | CB6: -3 | CC6: -4 | CD6: 1 | CE6: -4 | CF6: 4 | CG6: -2 | CH6: -1 | CI6: 4 | CJ6: -2 | CK6: 2 | CL6: -3 | CM6: -4 | CN6: 1 | CO6: -2 | CP6: 3 | CQ6: -3 | CR6: -3 | CS6: -4 | CT6: 3 | CU6: 2 | CV6: -3 | CW6: -1 | CX6: 3 | CY6: 2 | CZ6: 1 | DA6: 2 | DB6: 3 | DC6: 1 | DD6: 1 | DE6: 1 | DF6: 3 | DG6: 2 | DH6: -1 | DI6: 1 | DJ6: -2 | DK6: -3 | DL6: 2 | DM6: -2 | DN6: 3 | DO6: 1 | DP6: -2 | DQ6: 1 | DR6: 2
A7: red | B7: pink | C7: 3 | D7: -3 | E7: 1 | F7: 3 | G7: 3 | H7: 3 | I7: -1 | J7: 4 | K7: 2 | L7: 3 | M7: 3 | N7: 1 | O7: -2 | P7: 4 | Q7: 3 | R7: 4 | S7: -3 | T7: 3 | U7: 1 | V7: 2 | W7: 3 | X7: 1 | Y7: 2 | Z7: 2 | AA7: 4 | AB7: 3 | AC7: 3 | AD7: -2 | AE7: 2 | AF7: 3 | AG7: 2 | AH7: 2 | AI7: 4 | AJ7: 4 | AK7: 2 | AL7: 4 | AM7: -4 | AN7: 1 | AO7: 4 | AP7: 4 | AQ7: 1 | AR7: 4 | AS7: 3 | AT7: 4 | AU7: 2 | AV7: 3 | AW7: 4 | AX7: 4 | AY7: 4 | AZ7: 4 | BA7: 1 | BB7: 2 | BC7: 3 | BD7: 3 | BE7: 3 | BF7: 3 | BG7: 2 | BH7: 3 | BI7: 2 | BJ7: 3 | BK7: 2 | BL7: 2 | BM7: 2 | BN7: 3 | BO7: 1 | BP7: 2 | BQ7: 2 | BR7: -2 | BS7: -3 | BT7: 4 | BU7: 2 | BV7: -1 | BW7: 4 | BX7: -1 | BY7: 1 | BZ7: -3 | CA7: -4 | CB7: 3 | CC7: 2 | CD7: -3 | CE7: 4 | CF7: 2 | CG7: 1 | CH7: 2 | CI7: 2 | CJ7: 3 | CK7: 4 | CL7: 4 | CM7: 4 | CN7: 4 | CO7: 1 | CP7: 3 | CQ7: 4 | CR7: 1 | CS7: 3 | CT7: 2 | CU7: 3 | CV7: 2 | CW7: 2 | CX7: 4 | CY7: 3 | CZ7: 2 | DA7: 4 | DB7: 3 | DC7: 4 | DD7: 4 | DE7: 3 | DF7: 4 | DG7: 2 | DH7: 3 | DI7: 2 | DJ7: -2 | DK7: 4 | DL7: 3 | DM7: 2 | DN7: -3 | DO7: 4 | DP7: 3 | DQ7: 2 | DR7: 3
A8: envy | B8: joy | C8: -1 | D8: -4 | E8: -4 | F8: -2 | G8: -3 | H8: -4 | I8: -2 | J8: -4 | K8: -3 | L8: -3 | M8: 2 | N8: -4 | O8: -4 | P8: -4 | Q8: -1 | R8: 1 | S8: -4 | T8: -3 | U8: -4 | V8: -1 | W8: -3 | X8: -4 | Y8: 1 | Z8: -4 | AA8: -4 | AB8: -1 | AC8: -2 | AD8: -4 | AE8: -2 | AF8: 3 | AG8: -3 | AH8: -4 | AI8: 3 | AJ8: 2 | AK8: -4 | AL8: 3 | AM8: -4 | AN8: -3 | AO8: 1 | AP8: -3 | AQ8: -3 | AR8: 2 | AS8: -3 | AT8: 2 | AU8: -4 | AV8: 2 | AW8: -1 | AX8: -2 | AY8: 2 | AZ8: -3 | BA8: -3 | BB8: -2 | BC8: -3 | BD8: -3 | BE8: -2 | BF8: 2 | BG8: -4 | BH8: -3 | BI8: -2 | BJ8: -2 | BK8: -3 | BL8: -3 | BM8: -3 | BN8: -3 | BO8: -2 | BP8: -4 | BQ8: -3 | BR8: -4 | BS8: -4 | BT8: -3 | BU8: -4 | BV8: -3 | BW8: -4 | BX8: -4 | BY8: -3 | BZ8: -3 | CA8: 3 | CB8: -3 | CC8: -4 | CD8: -4 | CE8: 4 | CF8: -3 | CG8: -1 | CH8: -3 | CI8: -3 | CJ8: -4 | CK8: -3 | CL8: -3 | CM8: -3 | CN8: -1 | CO8: -2 | CP8: -4 | CQ8: 3 | CR8: 1 | CS8: -3 | CT8: -2 | CU8: 2 | CV8: -1 | CW8: -3 | CX8: -4 | CY8: -4 | CZ8: -4 | DA8: -1 | DB8: -4 | DC8: -2 | DD8: 2 | DE8: -4 | DF8: -4 | DG8: -3 | DH8: -1 | DI8: -1 | DJ8: -4 | DK8: -2 | DL8: -3 | DM8: -2 | DN8: -3 | DO8: 2 | DP8: -3 | DQ8: -4 | DR8: -1
A9: fear | B9: anger | C9: 3 | D9: 2 | E9: -2 | F9: 2 | G9: 2 | H9: 4 | I9: 1 | J9: 4 | K9: 1 | L9: 3 | M9: 3 | N9: 1 | O9: -3 | P9: 4 | Q9: 1 | R9: 4 | S9: -3 | T9: 2 | U9: -2 | V9: 1 | W9: 3 | X9: -4 | Y9: 1 | Z9: 4 | AA9: 3 | AB9: 2 | AC9: 3 | AD9: 2 | AE9: 3 | AF9: 2 | AG9: 1 | AH9: -3 | AI9: 4 | AJ9: 3 | AK9: 2 | AL9: 4 | AM9: 4 | AN9: -1 | AO9: 3 | AP9: 3 | AQ9: 4 | AR9: 4 | AS9: 2 | AT9: -2 | AU9: 1 | AV9: 2 | AW9: -3 | AX9: 2 | AY9: 3 | AZ9: 2 | BA9: 1 | BB9: 1 | BC9: 3 | BD9: -4 | BE9: 3 | BF9: 3 | BG9: 1 | BH9: 2 | BI9: 2 | BJ9: 2 | BK9: 2 | BL9: 3 | BM9: 3 | BN9: 3 | BO9: 1 | BP9: 3 | BQ9: -2 | BR9: 4 | BS9: -2 | BT9: 2 | BU9: 2 | BV9: 1 | BW9: 1 | BX9: -4 | BY9: 3 | BZ9: 2 | CA9: 3 | CB9: 2 | CC9: -1 | CD9: 2 | CE9: -4 | CF9: 1 | CG9: 3 | CH9: 1 | CI9: 2 | CJ9: -2 | CK9: 2 | CL9: 1 | CM9: 1 | CN9: 3 | CO9: 1 | CP9: 4 | CQ9: 3 | CR9: 2 | CS9: 3 | CT9: 2 | CU9: 2 | CV9: 2 | CW9: -3 | CX9: 4 | CY9: 1 | CZ9: 4 | DA9: 4 | DB9: 3 | DC9: 3 | DD9: 3 | DE9: 1 | DF9: -3 | DG9: 4 | DH9: -4 | DI9: 2 | DJ9: 2 | DK9: 4 | DL9: -2 | DM9: 1 | DN9: 2 | DO9: 1 | DP9: 4 | DQ9: 2 | DR9: 1
A10: pink | B10: green | C10: 1 | D10: -3 | E10: -3 | F10: -1 | G10: -2 | H10: -3 | I10: -1 | J10: -4 | K10: -3 | L10: 2 | M10: 2 | N10: 1 | O10: -4 | P10: 2 | Q10: 3 | R10: -1 | S10: 1 | T10: 1 | U10: 1 | V10: -1 | W10: -2 | X10: 1 | Y10: 1 | Z10: -1 | AA10: 4 | AB10: 3 | AC10: -1 | AD10: -4 | AE10: 2 | AF10: 3 | AG10: -2 | AH10: -4 | AI10: 4 | AJ10: 3 | AK10: -3 | AL10: 4 | AM10: -4 | AN10: -2 | AO10: 2 | AP10: 1 | AQ10: -2 | AR10: 3 | AS10: -1 | AT10: 3 | AU10: -3 | AV10: 2 | AW10: -2 | AX10: -2 | AY10: 1 | AZ10: 1 | BA10: -1 | BB10: 2 | BC10: 1 | BD10: -2 | BE10: 2 | BF10: 1 | BG10: -2 | BH10: -1 | BI10: 1 | BJ10: 1 | BK10: -3 | BL10: -2 | BM10: -3 | BN10: -4 | BO10: 1 | BP10: -2 | BQ10: -3 | BR10: -3 | BS10: -3 | BT10: 3 | BU10: -2 | BV10: -3 | BW10: 4 | BX10: -4 | BY10: 1 | BZ10: -2 | CA10: 3 | CB10: -3 | CC10: 2 | CD10: -3 | CE10: 4 | CF10: 2 | CG10: -2 | CH10: -3 | CI10: -1 | CJ10: 2 | CK10: -2 | CL10: 2 | CM10: 1 | CN10: 3 | CO10: -2 | CP10: -1 | CQ10: 4 | CR10: 2 | CS10: 1 | CT10: -1 | CU10: 2 | CV10: 2 | CW10: 2 | CX10: 2 | CY10: -2 | CZ10: -1 | DA10: 1 | DB10: -4 | DC10: 3 | DD10: 3 | DE10: -1 | DF10: 1 | DG10: -1 | DH10: 1 | DI10: -2 | DJ10: -2 | DK10: 4 | DL10: -2 | DM10: 1 | DN10: -3 | DO10: 3 | DP10: 2 | DQ10: 1 | DR10: -1
A11: blue | B11: anger | C11: -2 | D11: -4 | E11: -4 | F11: 1 | G11: -4 | H11: -4 | I11: -2 | J11: -4 | K11: -3 | L11: -3 | M11: -1 | N11: -4 | O11: -4 | P11: -3 | Q11: -3 | R11: -3 | S11: -4 | T11: -3 | U11: -4 | V11: -3 | W11: -1 | X11: 2 | Y11: 1 | Z11: -1 | AA11: -4 | AB11: -3 | AC11: -4 | AD11: -1 | AE11: 1 | AF11: -1 | AG11: -3 | AH11: -4 | AI11: -4 | AJ11: -2 | AK11: -4 | AL11: -2 | AM11: 3 | AN11: -2 | AO11: -4 | AP11: -3 | AQ11: -4 | AR11: -2 | AS11: -4 | AT11: -4 | AU11: -3 | AV11: -4 | AW11: -4 | AX11: -2 | AY11: 2 | AZ11: -2 | BA11: -4 | BB11: -4 | BC11: -1 | BD11: -4 | BE11: -1 | BF11: -3 | BG11: -4 | BH11: -1 | BI11: -3 | BJ11: -3 | BK11: -2 | BL11: -3 | BM11: -1 | BN11: -3 | BO11: -3 | BP11: -4 | BQ11: -3 | BR11: -2 | BS11: -4 | BT11: 2 | BU11: -4 | BV11: -3 | BW11: -4 | BX11: -4 | BY11: -1 | BZ11: -4 | CA11: -4 | CB11: -3 | CC11: -4 | CD11: -3 | CE11: -4 | CF11: -4 | CG11: -4 | CH11: -2 | CI11: -2 | CJ11: -2 | CK11: 2 | CL11: -3 | CM11: -3 | CN11: -3 | CO11: -3 | CP11: 1 | CQ11: -4 | CR11: -3 | CS11: -4 | CT11: -1 | CU11: -2 | CV11: -2 | CW11: -1 | CX11: -2 | CY11: -3 | CZ11: -2 | DA11: -2 | DB11: -4 | DC11: -4 | DD11: 1 | DE11: -3 | DF11: -4 | DG11: -3 | DH11: -4 | DI11: -1 | DJ11: -2 | DK11: -4 | DL11: -3 | DM11: -2 | DN11: -2 | DO11: -1 | DP11: -3 | DQ11: -4 | DR11: -2
A12: green | B12: joy | C12: 2 | D12: -2 | E12: 1 | F12: -1 | G12: -2 | H12: 3 | I12: -1 | J12: -4 | K12: 2 | L12: 2 | M12: -2 | N12: 1 | O12: -3 | P12: 2 | Q12: -3 | R12: -1 | S12: -3 | T12: -2 | U12: -4 | V12: -4 | W12: 2 | X12: 4 | Y12: 1 | Z12: 1 | AA12: -4 | AB12: -3 | AC12: -3 | AD12: 1 | AE12: -3 | AF12: -3 | AG12: -1 | AH12: 1 | AI12: -3 | AJ12: -2 | AK12: 1 | AL12: -2 | AM12: 2 | AN12: 1 | AO12: -3 | AP12: 3 | AQ12: 2 | AR12: -3 | AS12: -3 | AT12: -4 | AU12: -1 | AV12: -4 | AW12: -3 | AX12: -2 | AY12: -3 | AZ12: 1 | BA12: -3 | BB12: 1 | BC12: 1 | BD12: 3 | BE12: -1 | BF12: -3 | BG12: -1 | BH12: 1 | BI12: -1 | BJ12: 2 | BK12: -1 | BL12: 3 | BM12: 2 | BN12: 1 | BO12: -3 | BP12: 2 | BQ12: -4 | BR12: -2 | BS12: -3 | BT12: -2 | BU12: 1 | BV12: -1 | BW12: -4 | BX12: 1 | BY12: -2 | BZ12: -4 | CA12: -4 | CB12: -3 | CC12: -4 | CD12: 1 | CE12: -4 | CF12: 3 | CG12: -3 | CH12: 1 | CI12: 4 | CJ12: -4 | CK12: 2 | CL12: -4 | CM12: -3 | CN12: -1 | CO12: -3 | CP12: -1 | CQ12: -2 | CR12: -4 | CS12: -4 | CT12: 1 | CU12: 1 | CV12: -1 | CW12: 1 | CX12: 2 | CY12: 2 | CZ12: 2 | DA12: 1 | DB12: 2 | DC12: -1 | DD12: -3 | DE12: -2 | DF12: 1 | DG12: 2 | DH12: 2 | DI12: 1 | DJ12: -4 | DK12: 4 | DL12: 2 | DM12: -3 | DN12: -1 | DO12: 1 | DP12: -3 | DQ12: -1 | DR12: -1
A13: anger | B13: defeated | C13: 2 | D13: 2 | E13: -2 | F13: 1 | G13: 1 | H13: 4 | I13: 1 | J13: -3 | K13: -2 | L13: -2 | M13: 2 | N13: 1 | O13: -4 | P13: 4 | Q13: -3 | R13: 1 | S13: 4 | T13: 2 | U13: -2 | V13: 2 | W13: 2 | X13: 3 | Y13: 1 | Z13: 1 | AA13: -2 | AB13: -2 | AC13: 3 | AD13: 1 | AE13: 1 | AF13: 3 | AG13: 3 | AH13: 1 | AI13: 2 | AJ13: 2 | AK13: 2 | AL13: 2 | AM13: -1 | AN13: -1 | AO13: 3 | AP13: 3 | AQ13: -2 | AR13: 3 | AS13: 3 | AT13: 1 | AU13: 3 | AV13: 1 | AW13: 3 | AX13: 2 | AY13: 3 | AZ13: -1 | BA13: 2 | BB13: 2 | BC13: 2 | BD13: 3 | BE13: -2 | BF13: 3 | BG13: 2 | BH13: 1 | BI13: 1 | BJ13: 2 | BK13: 2 | BL13: 3 | BM13: 1 | BN13: -3 | BO13: -1 | BP13: 3 | BQ13: -3 | BR13: 3 | BS13: 2 | BT13: 2 | BU13: 2 | BV13: -1 | BW13: -4 | BX13: 1 | BY13: 1 | BZ13: -3 | CA13: 2 | CB13: -3 | CC13: -4 | CD13: -1 | CE13: -4 | CF13: -4 | CG13: 3 | CH13: 1 | CI13: 3 | CJ13: -1 | CK13: 3 | CL13: -3 | CM13: 1 | CN13: 4 | CO13: -1 | CP13: 1 | CQ13: 2 | CR13: -1 | CS13: 2 | CT13: 2 | CU13: 2 | CV13: 2 | CW13: -2 | CX13: 3 | CY13: -2 | CZ13: 3 | DA13: 2 | DB13: 2 | DC13: 2 | DD13: 1 | DE13: 1 | DF13: -3 | DG13: 3 | DH13: -4 | DI13: 2 | DJ13: 2 | DK13: -3 | DL13: 3 | DM13: 1 | DN13: 2 | DO13: 3 | DP13: 2 | DQ13: 1 | DR13: 1
... A254: anxiety | B254: boredom | C254: -2 | D254: 1 | E254: -3 | F254: 1 | G254: -3 | H254: 3 | I254: -1 | J254: 2 | K254: -3 | L254: -3 | M254: 2 | N254: -4 | O254: -2 | P254: -2 | Q254: -2 | R254: -2 | S254: 3 | T254: 1 | U254: -3 | V254: 1 | W254: 1 | X254: 3 | Y254: 1 | Z254: 3 | AA254: -4 | AB254: 1 | AC254: 3 | AD254: -4 | AE254: 2 | AF254: -1 | AG254: 3 | AH254: -1 | AI254: -3 | AJ254: -2 | AK254: -1 | AL254: 2 | AM254: -2 | AN254: -2 | AO254: 3 | AP254: -4 | AQ254: 2 | AR254: 2 | AS254: 2 | AT254: -4 | AU254: -4 | AV254: 2 | AW254: -4 | AX254: -2 | AY254: -1 | AZ254: 1 | BA254: -3 | BB254: 1 | BC254: 2 | BD254: 3 | BE254: -3 | BF254: 3 | BG254: -1 | BH254: 1 | BI254: -4 | BJ254: -1 | BK254: -2 | BL254: -3 | BM254: -1 | BN254: 3 | BO254: -2 | BP254: -2 | BQ254: 2 | BR254: 4 | BS254: 2 | BT254: 3 | BU254: -4 | BV254: -4 | BW254: -4 | BX254: 2 | BY254: -1 | BZ254: -1 | CA254: -1 | CB254: -2 | CC254: -4 | CD254: 2 | CE254: -4 | CF254: 2 | CG254: 2 | CH254: -1 | CI254: -2 | CJ254: -4 | CK254: 2 | CL254: -1 | CM254: -2 | CN254: -4 | CO254: 2 | CP254: -4 | CQ254: 3 | CR254: -1 | CS254: -1 | CT254: -3 | CU254: -3 | CV254: 2 | CW254: 4 | CX254: 2 | CY254: 2 | CZ254: 3 | DA254: -1 | DB254: 4 | DC254: 1 | DD254: 1 | DE254: 1 | DF254: -4 | DG254: 3 | DH254: -4 | DI254: -2 | DJ254: 2 | DK254: 1 | DL254: 1 | DM254: 1 | DN254: -1 | DO254: 1 | DP254: -3 | DQ254: -4 | DR254: -2

Sheet ALL data
C1: 2024-06-27_16h05.44.870 | D1: 2024-06-27_16h00.12.154 | E1: 2024-06-27_15h58.42.249 | F1: 2024-06-27_15h57.27.828 | G1: 2024-06-27_15h57.23.113 | H1: 2024-06-27_15h56.47.434 | I1: 2024-06-27_15h56.18.943 | J1: 2024-06-27_15h56.12.134 | K1: 2024-06-27_15h56.04.860 | L1: 2024-06-27_15h55.48.850 | M1: 2024-06-27_15h55.46.942 | N1: 2024-06-27_15h27.04.280 | O1: 2024-06-27_13h58.08.490 | P1: 2024-06-27_13h56.14.799 | Q1: 2024-06-27_09h03.09.917 | R1: 2024-06-27_08h06.57.957 | S1: 2024-06-27_07h52.10.769 | T1: 2024-06-27_07h30.19.842 | U1: 2024-06-27_07h19.54.960 | V1: 2024-06-27_07h08.15.357 | W1: 2024-06-27_07h07.19.706 | X1: 2024-06-27_07h06.22.909 | Y1: 2024-06-27_07h03.20.291 | Z1: 2024-06-27_07h00.21.755 | AA1: 2024-06-27_07h00.19.180 | AB1: 2024-06-27_07h00.08.660 | AC1: 2024-06-27_07h00.01.614 | AD1: 2024-06-27_06h59.57.900 | AE1: 2024-06-27_06h59.53.082 | AF1: 2024-06-27_06h59.39.686 | AG1: 2024-06-27_06h59.30.455 | AH1: 2024-06-27_06h59.23.889 | AI1: 2024-06-27_06h59.09.191 | AJ1: 2024-06-27_06h58.26.388 | AK1: 2024-06-27_06h57.32.308 | AL1: 2024-06-27_06h56.58.114 | AM1: 2024-06-27_06h56.43.919 | AN1: 2024-06-27_06h56.41.098 | AO1: 2024-06-27_06h56.40.384 | AP1: 2024-06-27_06h56.25.885 | AQ1: 2024-06-27_06h56.24.205 | AR1: 2024-06-27_06h56.20.816 | AS1: 2024-06-27_06h56.13.287 | AT1: 2024-06-27_06h56.03.332 | AU1: 2024-06-27_06h55.26.211 | AV1: 2024-06-27_02h00.52.970 | AW1: 2024-06-26_23h00.38.238 | AX1: 2024-06-19_18h30.26.466 | AY1: 2024-06-19_09h53.33.768 | AZ1: 2024-06-19_09h50.50.632 | BA1: 2024-06-19_09h38.42.734 | BB1: 2024-06-19_09h30.29.736 | BC1: 2024-06-19_09h30.28.532 | BD1: 2024-06-19_09h30.20.995 | BE1: 2024-06-19_09h29.58.612 | BF1: 2024-08-19_19h58.40.486 | BG1: 2024-08-20_16h03.16.555 | BH1: 2024-08-20_15h59.49.753 | BI1: 2024-08-20_15h59.27.553 | BJ1: 2024-08-20_15h59.23.501 | BK1: 2024-08-20_15h59.05.810 | BL1: 2024-08-20_15h59.00.921 | BM1: 2024-08-20_15h58.52.384 | BN1: 2024-08-20_14h00.35.590 | BO1: 2024-08-20_07h56.59.120 | BP1: 2024-08-20_07h22.19.006 | BQ1: 2024-08-20_07h21.05.735 | BR1: 2024-08-20_07h07.54.586 | BS1: 2024-08-20_07h07.48.826 | BT1: 2024-08-20_07h07.10.727 | BU1: 2024-08-20_07h06.29.887 | BV1: 2024-08-20_07h06.20.589 | BW1: 2024-08-20_07h06.10.137 | BX1: 2024-08-20_07h05.35.429 | BY1: 2024-08-20_07h04.09.723 | BZ1: 2024-08-20_07h04.03.185 | CA1: 2024-08-20_07h02.48.874 | CB1: 2024-08-20_07h02.39.126 | CC1: 2024-08-20_07h02.34.038 | CD1: 2024-08-20_07h02.33.903 | CE1: 2024-08-20_07h02.30.046 | CF1: 2024-08-20_07h01.35.828 | CG1: 2024-08-20_07h01.34.090 | CH1: 2024-08-20_07h01.11.287 | CI1: 2024-08-20_07h01.11.067 | CJ1: 2024-08-20_07h00.35.813 | CK1: 2024-08-20_07h00.15.130 | CL1: 2024-08-20_07h00.11.370 | CM1: 2024-08-20_06h59.50.721 | CN1: 2024-08-20_06h59.07.247 | CO1: 2024-08-20_06h59.06.082 | CP1: 2024-08-20_06h59.04.771 | CQ1: 2024-08-20_06h59.03.602 | CR1: 2024-08-20_06h59.00.522 | CS1: 2024-08-20_06h58.48.023 | CT1: 2024-08-20_06h58.38.199 | CU1: 2024-08-20_06h58.35.450 | CV1: 2024-08-20_06h58.28.487 | CW1: 2024-08-20_02h11.34.650 | CX1: 2024-08-20_02h04.26.352 | CY1: 2024-08-20_02h01.32.050 | CZ1: 2024-08-20_02h01.17.290 | DA1: 2024-08-20_02h00.09.634 | DB1: 2024-08-20_02h00.07.011 | DC1: 2024-08-20_02h00.06.186 | DD1: 2024-08-20_01h58.46.069 | DE1: 2024-08-20_01h58.31.463 | DF1: 2024-08-20_01h27.15.590 | DG1: 2024-08-20_01h03.30.583 | DH1: 2024-08-20_00h58.56.455 | DI1: 2024-08-20_01h01.36.563 | DJ1: 2024-08-20_01h01.12.451 | DK1: 2024-08-20_01h00.07.316 | DL1: 2024-08-20_00h58.52.033 | DM1: 2024-08-19_23h03.59.759 | DN1: 2024-08-19_23h02.02.871 | DO1: 2024-08-19_23h00.58.771 | DP1: 2024-08-19_22h59.30.169 | DQ1: 2024-08-19_22h58.59.507 | DR1: 2024-08-19_22h58.25.959
C2: 60ec17bbca621383f7703474 | D2: 659dac3bd816e89ba953fc4e | E2: 6536d54733fa4e56bc2e56ea | F2: 60fec796f3280a63122a597d | G2: 656125ea917d5c4c6f1abbc1 | H2: 65e07affd71e6eb2a1f2cb79 | I2: 5e5615d0581a0c60e87bd8e3 | J2: 65a46bd1df11a18ab8055107 | K2: 66467a87a8b03b4b8a44eb4e | L2: 64ee781f5dc76161439ddc5b | M2: 652a36f3aab4f12eaae71984 | N2: 5d53fd59f6d6da00011209c0 | O2: 664ee40a174196c485eb6331 | P2: 651f35be1781043feebd3069 | Q2: 6543af72769aacc0bf14521e | R2: 5a847fd2aa46dd00016ba03c | S2: 6382fb2d4491743d4f8095aa | T2: 5e7a2c8990574006b633ec09 | U2: 65c012194204e134cfb24dd6 | V2: 6298e97db2a191f24ebb9db1 | W2: 634d7398662c6fe8321aa554 | X2: 59e7276d5de9b000017ed1c1 | Y2: 604541676af7216614098dde | Z2: 6458fe267afe71c7aa4de260 | AA2: 62729ff6b6e5922c7cc5f2dd | AB2: 5dd7f591ad0a617838322129 | AC2: 662fb45148dc640c520e5272 | AD2: 5be5f6a57c137f00017ed225 | AE2: 5e9b60ab511e7a0650994050 | AF2: 62d138e361857aef127c9e8b | AG2: 66476157dbf12ebc5578b8da | AH2: 65f05cb1f67d322409d6cfbf | AI2: 6659d6399e4c463086214f01 | AJ2: 5cf806142780ca001a9d5cee | AK2: 629ee9680199e14b1bfafaf3 | AL2: 5ddac93016d10ca2991f7dbf | AM2: 573a34f614f69e000d7d670f | AN2: 63dadcb85db62398fa0fd383 | AO2: 5bd9580fbeca730001cf339b | AP2: 602a2911a73ba046955f6c58 | AQ2: 5fb7ede2a2e58b4413cadee4 | AR2: 5ff637018573f01a703f23f4 | AS2: 5d791761790bf400014122ec | AT2: 5ee27217fd7c7c72eb755cbe | AU2: 5e48cf0cb26b0535ccd6783b | AV2: 5980128635fbf100017d0861 | AW2: 627448a7458cf55c0cdea3bb | AX2: 65f43b8e7508020158576632 | AY2: 5f160514e2a4062d2a0ded58 | AZ2: 6310a577c2072bb8325998b7 | BA2: 665ec4e20d26bf359051fe13 | BB2: 60aa79fa99f7d53701b02256 | BC2: 5c4594514fe4f800016ea070 | BD2: 652fda184a4ad2f1e8517e82 | BE2: 62eac867210f0e2e8d322d44 | BF2: 666fb6f24d1c14f333eb4a0a | BG2: 5e3842b92fdfd2000fc286a4 | BH2: 665ae83fe8e62bc79a731fb9 | BI2: 66430269e8ea101cd6edd0fd | BJ2: 65b82d9ac1fc05eab2b5794a | BK2: 653fb882219e8de666ff1ee4 | BL2: 60417f7d70c41216d2b26c13 | BM2: 6507b0bf6c158dca2bfde795 | BN2: 66b4cc0681010580d8d6774a | BO2: 66b104dedef80475efe58141 | BP2: 66843b9548133a5de1eadb63 | BQ2: 588a59813e1f290001aa78c1 | BR2: 579526db09fb910001338456 | BS2: 66b527ee1644bd2f37915003 | BT2: 65e5c74d56a92539d1f5ba3a | BU2: 65845f67f9ed8c08c8e58949 | BV2: 5b75ac687dc4b00001af4e50 | BW2: 66a2d042a6eb6d2766577b3f | BX2: 6583627ea0cb41561b8e522a | BY2: 62f3b543dce069211e8e982c | BZ2: 66759b715db54424734117c5 | CA2: 66855b5cad64d0c74e6a7cbb | CB2: 5a75a77817ef3500016ffd06 | CC2: 65230ecce6b5748e6df764fa | CD2: 66abb2b0009873a632e27108 | CE2: 666813597581253e5784c0e2 | CF2: 66bcf9d7f46f10f0e99c110c | CG2: 66bf4ec121654a498f9308ad | CH2: 66b77651c316cad04821baf1 | CI2: 659ecf23553b45a0326cb6b2 | CJ2: 5c5cad3e4ee81200018eafe2 | CK2: 665a5630839126bd9a139fa3 | CL2: 66a0fcdb22fe19b2ac4b152e | CM2: 668173a56ae4ada528986b1d | CN2: 634d7250a9dbe47b2b1d110f | CO2: 5a9dd20b4eecca0001dd9f1d | CP2: 5f57be602095072bb238a7ab | CQ2: 60a3304ffb8cf482f8d11b6f | CR2: 5a69d77a56585a0001633482 | CS2: 5e3ddcf95556b204cb143eab | CT2: 63d5decffe6025fec6a381b0 | CU2: 57c357770e6a1f00015f6038 | CV2: 5d49d17b3dad1f0001e2aba1 | CW2: 615dbec57d764bf5ab0a56e5 | CX2: 5a8d8079190420000156435d | CY2: 663a7af013938e6bbfb065d5 | CZ2: 6665cd88654aed261dac715c | DA2: 5700616b8a49c7000d0c73ad | DB2: 66bd197faf4bbe8867f1a6e6 | DC2: 57dd186e6598aa0001992616 | DD2: 5f4a7a00dc1bde60ab8f7ac5 | DE2: 667cfd0b827314cd6f7027c4 | DF2: 6668b9b8271fbf68bb7da3d5 | DG2: 6637a9ce90f75e510910a42d | DH2: 66be57640192b365aa2ca5db | DI2: 64d5ad8c6369a60431c7c871 | DJ2: 63e461c4bdc3693c05d515a1 | DK2: 60e8b06bfb1c78d450ae9f79 | DL2: 66370a20a4b5b1a460904760 | DM2: 5ed9c3054268815691ed0e2c | DN2: 663bb62ffe083ca847014fbb | DO2: 664184a2b35e6aa7e4eb89fd | DP2: 607db957e9d570c7c2657b8d | DQ2: 666b4944d7f80b9099b5af20 | DR2: 6090578fb2299eacaec32b7a
A3: Avg response time | BF3: 0.9589 | BG3: 2.0697 | BH3: 2.85955 | BI3: 1.7792 | BJ3: 2.2081 | BK3: 2.0082 | BL3: 2.0386 | BM3: 6.5222 | BN3: 1.1603 | BO3: 2.6896 | BP3: 2.1645 | BQ3: 1.25189 | BR3: 1.3201 | BS3: 2.7489 | BT3: 4.6373 | BU3: 1.1814 | BV3: 1.2097 | BW3: 3.65866 | BX3: 2.73112 | BY3: 1.3747 | BZ3: 1.9914 | CA3: 3.1664 | CB3: 2.2045 | CC3: 1.4702 | CD3: 2.1144 | CE3: 2.0296 | CF3: 4.406 | CG3: 1.4423 | CH3: 2.329 | CI3: 3.2213 | CJ3: 1.413 | CK3: 1.6218 | CL3: 7.7654 | CM3: 1.0837 | CN3: 1.8884 | CO3: 1.993 | CP3: 1.7997 | CQ3: 0.972 | CR3: 0.9847 | CS3: 1.8083 | CT3: 0.976 | CU3: 2.1413 | CV3: 0.97225 | CW3: 2.6552 | CX3: 2.2797 | CY3: 2.2955 | CZ3: 1.587291 | DA3: 0.9545 | DB3: 0.8112 | DC3: 1.5955 | DD3: 1.469 | DE3: 1.1926 | DF3: 2.472 | DG3: 4.2636 | DH3: 1.83 | DI3: 1.91612 | DJ3: 2.165 | DK3: 1.3649 | DL3: 3.011326 | DM3: 2.7571 | DN3: 6.51178 | DO3: 1.7437 | DP3: 1.432 | DQ3: 0.9682 | DR3: 1.1813
A4: Double Pass correlation | C4: 0.77212688 | D4: 0.65961946 | E4: 0.59241652 | F4: 0.80690791 | G4: 0.79550077 | H4: 0.85579731 | I4: 0.80764755 | J4: 0.75890522 | K4: 0.82470818 | L4: 0.83102921 | M4: 0.61556329 | N4: 0.7654205 | O4: 0.73313362 | P4: 0.80806241 | Q4: 0.82363735 | R4: 0.73212677 | S4: 0.63219968 | T4: 0.63954129 | U4: 0.55606475 | V4: 0.8596978 | W4: 0.82763776 | X4: 0.78290423 | Y4: 0.77081438 | Z4: 0.82279243 | AA4: 0.96720798 | AB4: 0.87525064 | AC4: 0.73559847 | AD4: 0.82746726 | AE4: 0.67879845 | AF4: 0.71032473 | AG4: 0.80994847 | AH4: 0.58910578 | AI4: 0.84754156 | AJ4: 0.80648021 | AK4: 0.88585831 | AL4: 0.97090076 | AM4: 0.57893198 | AN4: 0.66290798 | AO4: 0.89894005 | AP4: 0.82292402 | AQ4: 0.72703453 | AR4: 0.86082197 | AS4: 0.72963887 | AT4: 0.97019642 | AU4: 0.71842855 | AV4: 0.60100289 | AW4: 0.53004794 | AX4: 0.82779857 | AY4: 0.78385538 | AZ4: 0.77085929 | BA4: 0.61699758 | BB4: 0.75423762 | BC4: 0.84216162 | BD4: 0.61437095 | BE4: 0.70158626 | BF4: 0.764245 | BG4: 0.865509 | BH4: 0.882343 | BI4: 0.811456 | BJ4: 0.7213051 | BK4: 0.721596 | BL4: 0.59783 | BM4: 0.871216 | BN4: 0.692116 | BO4: 0.884498 | BP4: 0.54239 | BQ4: 0.75343 | BR4: 0.586825 | BS4: 0.86218 | BT4: 0.5383056 | BU4: 0.79014 | BV4: 0.540105 | BW4: 0.8699332 | BX4: 0.70065 | BY4: 0.83892 | BZ4: 0.755528 | CA4: 0.79439 | CB4: 0.9479 | CC4: 0.95559 | CD4: 0.9137456 | CE4: 0.88785 | CF4: 0.53229 | CG4: 0.70549 | CH4: 0.84286 | CI4: 0.8546 | CJ4: 0.9639 | CK4: 0.6509 | CL4: 0.5569 | CM4: 0.82388 | CN4: 0.88403 | CO4: 0.810117 | CP4: 0.847 | CQ4: 0.809447 | CR4: 0.56837 | CS4: 0.755497 | CT4: 0.5569 | CU4: 0.75549 | CV4: 0.85653 | CW4: 0.73285 | CX4: 0.8789 | CY4: 0.790839 | CZ4: 0.7616579 | DA4: 0.7247 | DB4: 0.7167 | DC4: 0.86373 | DD4: 0.56953 | DE4: 0.85105 | DF4: 0.60711 | DG4: 0.60167 | DH4: 0.63948 | DI4: 0.87183 | DJ4: 0.54637 | DK4: 0.6298 | DL4: 0.700157 | DM4: 0.83599 | DN4: 0.56761 | DO4: 0.808322 | DP4: 0.8078 | DQ4: 0.833405 | DR4: 0.79035
A5: Double pass P-value | C5: 2.0816279e-10 | D5: 4.5891543e-07 | E5: 1.1500665e-05 | F5: 7.4479203e-12 | G5: 2.3812621e-11 | H5: 1.8033162e-14 | I5: 6.8890373e-12 | J5: 6.3583953e-10 | K5: 1.0324374e-12 | L5: 4.8490934e-13 | M5: 4.1251927e-06 | N5: 3.7009957e-10 | O5: 4.6285003e-09 | P5: 6.593164e-12 | Q5: 1.1699564e-12 | R5: 4.9786606e-09 | S5: 1.874073e-06 | T5: 1.3033633e-06 | U5: 4.9477771e-05 | V5: 1.0157202e-14 | W5: 7.301332e-13 | X5: 7.917527e-11 | Y5: 2.3333173e-10 | Z5: 1.2905127e-12 | AA5: 2.0099312e-28 | AB5: 8.5645935e-16 | AC5: 3.8663663e-09 | AD5: 7.45136e-13 | AE5: 1.5700329e-07 | AF5: 2.2391289e-08 | AG5: 5.39308e-12 | AH5: 1.3231847e-05 | AI5: 5.7608148e-14 | AJ5: 7.7903643e-12 | AK5: 1.3016881e-16 | AL5: 1.4206322e-29 | AM5: 2.0166347e-05 | AN5: 3.8391707e-07 | AO5: 9.6951442e-18 | AP5: 1.2709949e-12 | AQ5: 7.1641522e-09 | AR5: 8.5809022e-15 | AS5: 5.9535104e-09 | AT5: 2.4154063e-29 | AU5: 1.3015338e-08 | AV5: 7.9360573e-06 | AW5: 0.0001272094 | AX5: 7.1624422e-13 | AY5: 7.2510692e-11 | AZ5: 2.3242511e-10 | BA5: 3.8608047e-06 | BB5: 9.2735696e-10 | BC5: 1.184326e-13 | BD5: 4.3576265e-06 | BE5: 3.9391231e-08 | BF5: 4.0855075e-10 | BG5: 4.1793926e-15 | BH5: 2.47882e-16 | BI5: 4.5853466e-12 | BJ5: 1.0686929e-08 | BK5: 1.0474215e-08 | BL5: 9.1125228e-06 | BM5: 1.6770087e-15 | BN5: 7.1051989e-08 | BO5: 1.6742143e-16 | BP5: 8.2057518e-05 | BQ5: 9.8888754e-10 | BR5: 1.4560694e-05 | BS5: 6.9835773e-15 | BT5: 9.5057223e-05 | BU5: 4.0099361e-11 | BV5: 8.9119944e-05 | BW5: 2.0670066e-15 | BX5: 4.1787581e-08 | BY5: 1.80467e-13 | BZ5: 8.3616145e-10 | CA5: 2.6556825e-11 | CB5: 5.4374011e-24 | CC5: 1.6335859e-25 | CD5: 3.2192467e-19 | CE5: 8.9410761e-17 | CF5: 0.00011758594 | CG5: 3.0668841e-08 | CH5: 1.0795536e-13 | CI5: 2.1281763e-14 | CJ5: 1.6104523e-27 | CK5: 7.2780926e-07 | CL5: 4.7874103e-05 | CM5: 1.1367611e-12 | CN5: 1.8236084e-16 | CO5: 5.2963748e-12 | CP5: 6.1806636e-14 | CQ5: 5.690008e-12 | CR5: 3.0777244e-05 | CS5: 8.3823871e-10 | CT5: 4.7863201e-05 | CU5: 8.3859919e-10 | CV5: 1.6208888e-14 | CW5: 4.7227137e-09 | CX5: 4.5418145e-16 | CY5: 3.7498606e-11 | CZ5: 5.0693573e-10 | DA5: 8.4180265e-09 | DB5: 1.4604639e-08 | DC5: 5.5027183e-15 | DD5: 2.940185e-05 | DE5: 3.5426539e-14 | DF5: 6.0535651e-06 | DG5: 7.7051712e-06 | DH5: 1.3072125e-06 | DI5: 1.5151822e-15 | DJ5: 7.0984137e-05 | DK5: 2.1038238e-06 | DL5: 4.3120145e-08 | DM5: 2.6190125e-13 | DN5: 3.1705439e-05 | DO5: 6.4137734e-12 | DP5: 6.7779272e-12 | DQ5: 3.6206237e-13 | DR5: 3.9301626e-11
A6: medication | C6: no | D6: no | E6: no | F6: no | G6: no | H6: no | I6: no | J6: yes | K6: no | L6: no | M6: no | N6: no | O6: no | P6: no | Q6: no | R6: no | S6: no | T6: no | U6: no | V6: no | W6: no | X6: no | Y6: no | Z6: no | AA6: no | AB6: no | AC6: no | AD6: yes | AE6: no | AF6: no | AG6: yes | AH6: no | AI6: no | AJ6: no | AK6: no | AL6: no | AM6: no | AN6: no | AO6: no | AP6: yes | AQ6: no | AR6: no | AS6: no | AT6: no | AU6: no | AV6: yes | AW6: no | AX6: no | AY6: no | AZ6: no | BA6: no | BB6: yes | BC6: no | BD6: no | BE6: no | BF6: no | BG6: no | BH6: no | BI6: no | BJ6: no | BK6: no | BL6: no | BM6: no | BN6: no | BO6: no | BP6: no | BQ6: no | BR6: no | BS6: no | BT6: no | BU6: yes | BV6: yes | BW6: no | BX6: no | BY6: no | BZ6: no | CA6: no | CB6: no | CC6: no | CD6: no | CE6: yes | CF6: no | CG6: no | CH6: no | CI6: no | CJ6: no | CK6: no | CL6: no | CM6: no | CN6: no | CO6: no | CP6: no | CQ6: no | CR6: no | CS6: no | CT6: yes | CU6: no | CV6: no | CW6: no | CX6: no | CY6: no | CZ6: no | DA6: no | DB6: no | DC6: no | DD6: no | DE6: yes | DF6: no | DG6: no | DH6: no | DI6: no | DJ6: yes | DK6: no | DL6: no | DM6: no | DN6: no | DO6: no | DP6: no | DQ6: yes | DR6: no
A7: native | C7: yes | D7: yes | E7: no | F7: yes | G7: yes | H7: yes | I7: yes | J7: yes | K7: yes | L7: yes | M7: yes | N7: yes | O7: yes | P7: yes | Q7: yes | R7: yes | S7: yes | T7: no | U7: yes | V7: yes | W7: yes | X7: yes | Y7: yes | Z7: yes | AA7: yes | AB7: yes | AC7: yes | AD7: no | AE7: yes | AF7: yes | AG7: yes | AH7: yes | AI7: yes | AJ7: yes | AK7: yes | AL7: no | AM7: yes | AN7: no | AO7: yes | AP7: yes | AQ7: yes | AR7: yes | AS7: no | AT7: yes | AU7: no | AV7: yes | AW7: yes | AX7: yes | AY7: yes | AZ7: yes | BA7: yes | BB7: yes | BC7: yes | BD7: yes | BE7: yes | BF7: yes | BG7: yes | BH7: yes | BI7: yes | BJ7: yes | BK7: yes | BL7: yes | BM7: yes | BN7: yes | BO7: yes | BP7: yes | BQ7: yes | BR7: yes | BS7: yes | BT7: yes | BU7: yes | BV7: yes | BW7: yes | BX7: yes | BY7: yes | BZ7: yes | CA7: yes | CB7: yes | CC7: yes | CD7: yes | CE7: yes | CF7: yes | CG7: yes | CH7: yes | CI7: yes | CJ7: yes | CK7: yes | CL7: yes | CM7: yes | CN7: yes | CO7: yes | CP7: yes | CQ7: yes | CR7: yes | CS7: yes | CT7: yes | CU7: yes | CV7: yes | CW7: yes | CX7: yes | CY7: yes | CZ7: yes | DA7: yes | DB7: yes | DC7: yes | DD7: yes | DE7: yes | DF7: yes | DG7: yes | DH7: yes | DI7: yes | DJ7: yes | DK7: yes | DL7: yes | DM7: yes | DN7: yes | DO7: yes | DP7: yes | DQ7: yes | DR7: yes
A8: BDI | C8: 24 | D8: 11 | E8: 13 | F8: 22 | G8: 11 | H8: 21 | I8: 9 | J8: 5 | K8: 5 | L8: 9 | M8: 20 | N8: 34 | O8: 24 | P8: 0 | Q8: 1 | R8: 10 | S8: 0 | T8: 29 | U8: 0 | V8: 31 | W8: 2 | X8: 1 | Y8: 10 | Z8: 1 | AA8: 0 | AB8: 18 | AC8: 9 | AD8: 29 | AE8: 0 | AF8: 6 | AG8: 29 | AH8: 0 | AI8: 7 | AJ8: 0 | AK8: 0 | AL8: 0 | AM8: 21 | AN8: 21 | AO8: 25 | AP8: 10 | AQ8: 6 | AR8: 34 | AS8: 16 | AT8: 0 | AU8: 19 | AV8: 25 | AW8: 3 | AX8: 28 | AY8: 18 | AZ8: 39 | BA8: 0 | BB8: 25 | BC8: 7 | BD8: 7 | BE8: 12 | BF8: 7 | BG8: 38 | BH8: 3 | BI8: 15 | BJ8: 6 | BK8: 4 | BL8: 7 | BM8: 0 | BN8: 14 | BO8: 3 | BP8: 11 | BQ8: 20 | BR8: 1 | BS8: 8 | BT8: 0 | BU8: 36 | BV8: 18 | BW8: 0 | BX8: 8 | BY8: 10 | BZ8: 11 | CA8: 4 | CB8: 10 | CC8: 5 | CD8: 1 | CE8: 0 | CF8: 12 | CG8: 26 | CH8: 19 | CI8: 0 | CJ8: 1 | CK8: 29 | CL8: 17 | CM8: 1 | CN8: 26 | CO8: 16 | CP8: 12 | CQ8: 13 | CR8: 6 | CS8: 0 | CT8: 10 | CU8: 2 | CV8: 1 | CW8: 0 | CX8: 26 | CY8: 1 | CZ8: 7 | DA8: 4 | DB8: 8 | DC8: 0 | DD8: 4 | DE8: 39 | DF8: 1 | DG8: 17 | DH8: 17 | DI8: 0 | DJ8: 15 | DK8: 9 | DL8: 19 | DM8: 14 | DN8: 5 | DO8: 18 | DP8: 5 | DQ8: 14 | DR8: 32
A9: brown | B9: anger | C9: -4 | D9: -4 | E9: -4 | F9: 3 | G9: -3 | H9: -2 | I9: -3 | J9: 4 | K9: -2 | L9: -3 | M9: 3 | N9: -4 | O9: -4 | P9: -3 | Q9: -4 | R9: -3 | S9: -3 | T9: -3 | U9: -4 | V9: -4 | W9: 2 | X9: 1 | Y9: -4 | Z9: -1 | AA9: -4 | AB9: -3 | AC9: -2 | AD9: -3 | AE9: -1 | AF9: -4 | AG9: -1 | AH9: -4 | AI9: -3 | AJ9: -3 | AK9: -4 | AL9: -2 | AM9: -3 | AN9: -2 | AO9: -3 | AP9: -2 | AQ9: -1 | AR9: -3 | AS9: -4 | AT9: -4 | AU9: -3 | AV9: -4 | AW9: -4 | AX9: -4 | AY9: -4 | AZ9: -4 | BA9: -4 | BB9: -3 | BC9: -3 | BD9: -3 | BE9: -1 | BF9: -4 | BG9: -4 | BH9: -1 | BI9: -3 | BJ9: -4 | BK9: -2 | BL9: -3 | BM9: -2 | BN9: -3 | BO9: -4 | BP9: -4 | BQ9: -4 | BR9: -2 | BS9: -4 | BT9: -4 | BU9: -4 | BV9: -3 | BW9: -4 | BX9: -4 | BY9: -2 | BZ9: -4 | CA9: -4 | CB9: -3 | CC9: -4 | CD9: -3 | CE9: -4 | CF9: -1 | CG9: -1 | CH9: -3 | CI9: -2 | CJ9: -4 | CK9: 1 | CL9: -4 | CM9: -4 | CN9: -3 | CO9: -3 | CP9: -1 | CQ9: -4 | CR9: -4 | CS9: -4 | CT9: -2 | CU9: -2 | CV9: -3 | CW9: 1 | CX9: 1 | CY9: -2 | CZ9: -4 | DA9: -1 | DB9: -4 | DC9: -3 | DD9: -4 | DE9: -4 | DF9: -4 | DG9: -2 | DH9: -4 | DI9: -3 | DJ9: -4 | DK9: -4 | DL9: -4 | DM9: -2 | DN9: -1 | DO9: -3 | DP9: -3 | DQ9: -4 | DR9: -2
A10: orange | B10: anxiety | C10: -4 | D10: -4 | E10: -3 | F10: -2 | G10: -4 | H10: -4 | I10: -3 | J10: -4 | K10: 2 | L10: 1 | M10: -1 | N10: -4 | O10: -4 | P10: 2 | Q10: -4 | R10: -4 | S10: -3 | T10: -4 | U10: -4 | V10: -4 | W10: 1 | X10: -3 | Y10: -4 | Z10: 1 | AA10: -4 | AB10: -2 | AC10: -3 | AD10: -3 | AE10: -3 | AF10: -2 | AG10: -3 | AH10: -2 | AI10: -3 | AJ10: -3 | AK10: -3 | AL10: -2 | AM10: 1 | AN10: -2 | AO10: -3 | AP10: -3 | AQ10: -2 | AR10: -3 | AS10: -4 | AT10: -4 | AU10: 2 | AV10: -4 | AW10: -3 | AX10: -4 | AY10: -3 | AZ10: -4 | BA10: -4 | BB10: -4 | BC10: -1 | BD10: 1 | BE10: 3 | BF10: -4 | BG10: -4 | BH10: 1 | BI10: -3 | BJ10: -3 | BK10: -1 | BL10: -2 | BM10: -3 | BN10: -1 | BO10: -2 | BP10: 2 | BQ10: -3 | BR10: -3 | BS10: -4 | BT10: -4 | BU10: -4 | BV10: -4 | BW10: -4 | BX10: -3 | BY10: -2 | BZ10: -4 | CA10: -3 | CB10: -3 | CC10: -4 | CD10: -3 | CE10: -4 | CF10: 3 | CG10: 2 | CH10: -3 | CI10: -3 | CJ10: -4 | CK10: -2 | CL10: -3 | CM10: -4 | CN10: -3 | CO10: -3 | CP10: -2 | CQ10: -4 | CR10: -4 | CS10: -4 | CT10: -1 | CU10: 1 | CV10: -3 | CW10: -1 | CX10: -3 | CY10: 2 | CZ10: 1 | DA10: 1 | DB10: -4 | DC10: -2 | DD10: -2 | DE10: -2 | DF10: -1 | DG10: 1 | DH10: -3 | DI10: -2 | DJ10: -4 | DK10: -4 | DL10: -3 | DM10: -3 | DN10: -2 | DO10: 2 | DP10: -3 | DQ10: 1 | DR10: 1
A11: red | B11: yellow | C11: 1 | D11: -3 | E11: -2 | F11: 2 | G11: 1 | H11: 1 | I11: -1 | J11: 4 | K11: -4 | L11: 3 | M11: 1 | N11: -4 | O11: -3 | P11: 2 | Q11: -2 | R11: 2 | S11: 1 | T11: 1 | U11: 4 | V11: -1 | W11: -2 | X11: 1 | Y11: 1 | Z11: 1 | AA11: 4 | AB11: 3 | AC11: -1 | AD11: -2 | AE11: 2 | AF11: 3 | AG11: -4 | AH11: -2 | AI11: 4 | AJ11: 4 | AK11: -2 | AL11: 4 | AM11: -3 | AN11: -3 | AO11: 4 | AP11: -1 | AQ11: -2 | AR11: 4 | AS11: 1 | AT11: 3 | AU11: 1 | AV11: 2 | AW11: 3 | AX11: 3 | AY11: 2 | AZ11: 3 | BA11: -1 | BB11: 2 | BC11: 2 | BD11: -3 | BE11: 3 | BF11: 2 | BG11: -1 | BH11: -1 | BI11: 1 | BJ11: 1 | BK11: -1 | BL11: -3 | BM11: 1 | BN11: -4 | BO11: 1 | BP11: 1 | BQ11: -4 | BR11: -3 | BS11: -3 | BT11: 4 | BU11: -3 | BV11: -3 | BW11: 4 | BX11: -4 | BY11: 2 | BZ11: -3 | CA11: 4 | CB11: 1 | CC11: 2 | CD11: -3 | CE11: 4 | CF11: 2 | CG11: 1 | CH11: -2 | CI11: -4 | CJ11: 2 | CK11: 3 | CL11: 3 | CM11: 3 | CN11: 3 | CO11: 2 | CP11: -4 | CQ11: 4 | CR11: 1 | CS11: 2 | CT11: -2 | CU11: 3 | CV11: 2 | CW11: 2 | CX11: 1 | CY11: -2 | CZ11: -4 | DA11: 2 | DB11: -4 | DC11: 4 | DD11: 4 | DE11: -1 | DF11: -1 | DG11: -1 | DH11: 2 | DI11: -1 | DJ11: 1 | DK11: 4 | DL11: -2 | DM11: 1 | DN11: 1 | DO11: 4 | DP11: 2 | DQ11: -4 | DR11: 3
A12: black | B12: blue | C12: 1 | D12: -4 | E12: -3 | F12: 3 | G12: -1 | H12: 3 | I12: -1 | J12: 4 | K12: -3 | L12: 3 | M12: 3 | N12: 1 | O12: -3 | P12: 3 | Q12: 3 | R12: 2 | S12: -3 | T12: 2 | U12: 2 | V12: 1 | W12: 2 | X12: 2 | Y12: 1 | Z12: 1 | AA12: 4 | AB12: 3 | AC12: -1 | AD12: -2 | AE12: 2 | AF12: 3 | AG12: -1 | AH12: -3 | AI12: 4 | AJ12: 4 | AK12: 1 | AL12: 4 | AM12: 1 | AN12: -1 | AO12: 3 | AP12: 2 | AQ12: -1 | AR12: 4 | AS12: 1 | AT12: 3 | AU12: 1 | AV12: 2 | AW12: 3 | AX12: 3 | AY12: 1 | AZ12: 2 | BA12: -2 | BB12: 2 | BC12: -2 | BD12: 2 | BE12: 3 | BF12: 3 | BG12: 1 | BH12: 2 | BI12: 2 | BJ12: 2 | BK12: 1 | BL12: -1 | BM12: 1 | BN12: 1 | BO12: 1 | BP12: -4 | BQ12: -4 | BR12: 2 | BS12: -3 | BT12: 3 | BU12: -2 | BV12: -2 | BW12: 4 | BX12: -3 | BY12: 3 | BZ12: -2 | CA12: 3 | CB12: 2 | CC12: 2 | CD12: -3 | CE12: 4 | CF12: 2 | CG12: 3 | CH12: 2 | CI12: 2 | CJ12: 2 | CK12: 3 | CL12: 2 | CM12: 3 | CN12: 4 | CO12: -1 | CP12: 2 | CQ12: 4 | CR12: 2 | CS12: 2 | CT12: 1 | CU12: 2 | CV12: 2 | CW12: 2 | CX12: 2 | CY12: 2 | CZ12: -1 | DA12: 2 | DB12: 2 | DC12: 4 | DD12: 1 | DE12: -1 | DF12: 2 | DG12: 1 | DH12: 3 | DI12: -1 | DJ12: -2 | DK12: 4 | DL12: -2 | DM12: 2 | DN12: 3 | DO12: 4 | DP12: 2 | DQ12: -2 | DR12: 3
A13: green | B13: calm | C13: 2 | D13: -2 | E13: 2 | F13: 2 | G13: -4 | H13: 3 | I13: -1 | J13: 4 | K13: 3 | L13: 2 | M13: -2 | N13: 1 | O13: -3 | P13: 4 | Q13: -3 | R13: -3 | S13: -3 | T13: 2 | U13: 1 | V13: -3 | W13: 2 | X13: 4 | Y13: 1 | Z13: 2 | AA13: 2 | AB13: -3 | AC13: 1 | AD13: 1 | AE13: -4 | AF13: -2 | AG13: 2 | AH13: 2 | AI13: 1 | AJ13: 2 | AK13: 3 | AL13: -2 | AM13: 3 | AN13: 2 | AO13: -1 | AP13: 3 | AQ13: 1 | AR13: -2 | AS13: -2 | AT13: -4 | AU13: 1 | AV13: 2 | AW13: 2 | AX13: 2 | AY13: -3 | AZ13: 1 | BA13: -1 | BB13: 3 | BC13: 1 | BD13: 3 | BE13: -1 | BF13: -2 | BG13: 1 | BH13: 1 | BI13: 2 | BJ13: 1 | BK13: 1 | BL13: 3 | BM13: 2 | BN13: -2 | BO13: -3 | BP13: 4 | BQ13: -4 | BR13: -2 | BS13: -3 | BT13: -4 | BU13: -1 | BV13: -3 | BW13: -4 | BX13: -1 | BY13: 1 | BZ13: -4 | CA13: -3 | CB13: -3 | CC13: -4 | CD13: 1 | CE13: -4 | CF13: 4 | CG13: -2 | CH13: -1 | CI13: 4 | CJ13: -2 | CK13: 2 | CL13: -3 | CM13: -4 | CN13: 1 | CO13: -2 | CP13: 3 | CQ13: -3 | CR13: -3 | CS13: -4 | CT13: 3 | CU13: 2 | CV13: -3 | CW13: -1 | CX13: 3 | CY13: 2 | CZ13: 1 | DA13: 2 | DB13: 3 | DC13: 1 | DD13: 1 | DE13: 1 | DF13: 3 | DG13: 2 | DH13: -1 | DI13: 1 | DJ13: -2 | DK13: -3 | DL13: 2 | DM13: -2 | DN13: 3 | DO13: 1 | DP13: -2 | DQ13: 1 | DR13: 2
A14: red | B14: pink | C14: 3 | D14: -3 | E14: 1 | F14: 3 | G14: 3 | H14: 3 | I14: -1 | J14: 4 | K14: 2 | L14: 3 | M14: 3 | N14: 1 | O14: -2 | P14: 4 | Q14: 3 | R14: 4 | S14: -3 | T14: 3 | U14: 1 | V14: 2 | W14: 3 | X14: 1 | Y14: 2 | Z14: 2 | AA14: 4 | AB14: 3 | AC14: 3 | AD14: -2 | AE14: 2 | AF14: 3 | AG14: 2 | AH14: 2 | AI14: 4 | AJ14: 4 | AK14: 2 | AL14: 4 | AM14: -4 | AN14: 1 | AO14: 4 | AP14: 4 | AQ14: 1 | AR14: 4 | AS14: 3 | AT14: 4 | AU14: 2 | AV14: 3 | AW14: 4 | AX14: 4 | AY14: 4 | AZ14: 4 | BA14: 1 | BB14: 2 | BC14: 3 | BD14: 3 | BE14: 3 | BF14: 3 | BG14: 2 | BH14: 3 | BI14: 2 | BJ14: 3 | BK14: 2 | BL14: 2 | BM14: 2 | BN14: 3 | BO14: 1 | BP14: 2 | BQ14: 2 | BR14: -2 | BS14: -3 | BT14: 4 | BU14: 2 | BV14: -1 | BW14: 4 | BX14: -1 | BY14: 1 | BZ14: -3 | CA14: -4 | CB14: 3 | CC14: 2 | CD14: -3 | CE14: 4 | CF14: 2 | CG14: 1 | CH14: 2 | CI14: 2 | CJ14: 3 | CK14: 4 | CL14: 4 | CM14: 4 | CN14: 4 | CO14: 1 | CP14: 3 | CQ14: 4 | CR14: 1 | CS14: 3 | CT14: 2 | CU14: 3 | CV14: 2 | CW14: 2 | CX14: 4 | CY14: 3 | CZ14: 2 | DA14: 4 | DB14: 3 | DC14: 4 | DD14: 4 | DE14: 3 | DF14: 4 | DG14: 2 | DH14: 3 | DI14: 2 | DJ14: -2 | DK14: 4 | DL14: 3 | DM14: 2 | DN14: -3 | DO14: 4 | DP14: 3 | DQ14: 2 | DR14: 3
A15: envy | B15: joy | C15: -1 | D15: -4 | E15: -4 | F15: -2 | G15: -3 | H15: -4 | I15: -2 | J15: -4 | K15: -3 | L15: -3 | M15: 2 | N15: -4 | O15: -4 | P15: -4 | Q15: -1 | R15: 1 | S15: -4 | T15: -3 | U15: -4 | V15: -1 | W15: -3 | X15: -4 | Y15: 1 | Z15: -4 | AA15: -4 | AB15: -1 | AC15: -2 | AD15: -4 | AE15: -2 | AF15: 3 | AG15: -3 | AH15: -4 | AI15: 3 | AJ15: 2 | AK15: -4 | AL15: 3 | AM15: -4 | AN15: -3 | AO15: 1 | AP15: -3 | AQ15: -3 | AR15: 2 | AS15: -3 | AT15: 2 | AU15: -4 | AV15: 2 | AW15: -1 | AX15: -2 | AY15: 2 | AZ15: -3 | BA15: -3 | BB15: -2 | BC15: -3 | BD15: -3 | BE15: -2 | BF15: 2 | BG15: -4 | BH15: -3 | BI15: -2 | BJ15: -2 | BK15: -3 | BL15: -3 | BM15: -3 | BN15: -3 | BO15: -2 | BP15: -4 | BQ15: -3 | BR15: -4 | BS15: -4 | BT15: -3 | BU15: -4 | BV15: -3 | BW15: -4 | BX15: -4 | BY15: -3 | BZ15: -3 | CA15: 3 | CB15: -3 | CC15: -4 | CD15: -4 | CE15: 4 | CF15: -3 | CG15: -1 | CH15: -3 | CI15: -3 | CJ15: -4 | CK15: -3 | CL15: -3 | CM15: -3 | CN15: -1 | CO15: -2 | CP15: -4 | CQ15: 3 | CR15: 1 | CS15: -3 | CT15: -2 | CU15: 2 | CV15: -1 | CW15: -3 | CX15: -4 | CY15: -4 | CZ15: -4 | DA15: -1 | DB15: -4 | DC15: -2 | DD15: 2 | DE15: -4 | DF15: -4 | DG15: -3 | DH15: -1 | DI15: -1 | DJ15: -4 | DK15: -2 | DL15: -3 | DM15: -2 | DN15: -3 | DO15: 2 | DP15: -3 | DQ15: -4 | DR15: -1
A16: fear | B16: anger | C16: 3 | D16: 2 | E16: -2 | F16: 2 | G16: 2 | H16: 4 | I16: 1 | J16: 4 | K16: 1 | L16: 3 | M16: 3 | N16: 1 | O16: -3 | P16: 4 | Q16: 1 | R16: 4 | S16: -3 | T16: 2 | U16: -2 | V16: 1 | W16: 3 | X16: -4 | Y16: 1 | Z16: 4 | AA16: 3 | AB16: 2 | AC16: 3 | AD16: 2 | AE16: 3 | AF16: 2 | AG16: 1 | AH16: -3 | AI16: 4 | AJ16: 3 | AK16: 2 | AL16: 4 | AM16: 4 | AN16: -1 | AO16: 3 | AP16: 3 | AQ16: 4 | AR16: 4 | AS16: 2 | AT16: -2 | AU16: 1 | AV16: 2 | AW16: -3 | AX16: 2 | AY16: 3 | AZ16: 2 | BA16: 1 | BB16: 1 | BC16: 3 | BD16: -4 | BE16: 3 | BF16: 3 | BG16: 1 | BH16: 2 | BI16: 2 | BJ16: 2 | BK16: 2 | BL16: 3 | BM16: 3 | BN16: 3 | BO16: 1 | BP16: 3 | BQ16: -2 | BR16: 4 | BS16: -2 | BT16: 2 | BU16: 2 | BV16: 1 | BW16: 1 | BX16: -4 | BY16: 3 | BZ16: 2 | CA16: 3 | CB16: 2 | CC16: -1 | CD16: 2 | CE16: -4 | CF16: 1 | CG16: 3 | CH16: 1 | CI16: 2 | CJ16: -2 | CK16: 2 | CL16: 1 | CM16: 1 | CN16: 3 | CO16: 1 | CP16: 4 | CQ16: 3 | CR16: 2 | CS16: 3 | CT16: 2 | CU16: 2 | CV16: 2 | CW16: -3 | CX16: 4 | CY16: 1 | CZ16: 4 | DA16: 4 | DB16: 3 | DC16: 3 | DD16: 3 | DE16: 1 | DF16: -3 | DG16: 4 | DH16: -4 | DI16: 2 | DJ16: 2 | DK16: 4 | DL16: -2 | DM16: 1 | DN16: 2 | DO16: 1 | DP16: 4 | DQ16: 2 | DR16: 1
A17: pink | B17: green | C17: 1 | D17: -3 | E17: -3 | F17: -1 | G17: -2 | H17: -3 | I17: -1 | J17: -4 | K17: -3 | L17: 2 | M17: 2 | N17: 1 | O17: -4 | P17: 2 | Q17: 3 | R17: -1 | S17: 1 | T17: 1 | U17: 1 | V17: -1 | W17: -2 | X17: 1 | Y17: 1 | Z17: -1 | AA17: 4 | AB17: 3 | AC17: -1 | AD17: -4 | AE17: 2 | AF17: 3 | AG17: -2 | AH17: -4 | AI17: 4 | AJ17: 3 | AK17: -3 | AL17: 4 | AM17: -4 | AN17: -2 | AO17: 2 | AP17: 1 | AQ17: -2 | AR17: 3 | AS17: -1 | AT17: 3 | AU17: -3 | AV17: 2 | AW17: -2 | AX17: -2 | AY17: 1 | AZ17: 1 | BA17: -1 | BB17: 2 | BC17: 1 | BD17: -2 | BE17: 2 | BF17: 1 | BG17: -2 | BH17: -1 | BI17: 1 | BJ17: 1 | BK17: -3 | BL17: -2 | BM17: -3 | BN17: -4 | BO17: 1 | BP17: -2 | BQ17: -3 | BR17: -3 | BS17: -3 | BT17: 3 | BU17: -2 | BV17: -3 | BW17: 4 | BX17: -4 | BY17: 1 | BZ17: -2 | CA17: 3 | CB17: -3 | CC17: 2 | CD17: -3 | CE17: 4 | CF17: 2 | CG17: -2 | CH17: -3 | CI17: -1 | CJ17: 2 | CK17: -2 | CL17: 2 | CM17: 1 | CN17: 3 | CO17: -2 | CP17: -1 | CQ17: 4 | CR17: 2 | CS17: 1 | CT17: -1 | CU17: 2 | CV17: 2 | CW17: 2 | CX17: 2 | CY17: -2 | CZ17: -1 | DA17: 1 | DB17: -4 | DC17: 3 | DD17: 3 | DE17: -1 | DF17: 1 | DG17: -1 | DH17: 1 | DI17: -2 | DJ17: -2 | DK17: 4 | DL17: -2 | DM17: 1 | DN17: -3 | DO17: 3 | DP17: 2 | DQ17: 1 | DR17: -1
A18: blue | B18: anger | C18: -2 | D18: -4 | E18: -4 | F18: 1 | G18: -4 | H18: -4 | I18: -2 | J18: -4 | K18: -3 | L18: -3 | M18: -1 | N18: -4 | O18: -4 | P18: -3 | Q18: -3 | R18: -3 | S18: -4 | T18: -3 | U18: -4 | V18: -3 | W18: -1 | X18: 2 | Y18: 1 | Z18: -1 | AA18: -4 | AB18: -3 | AC18: -4 | AD18: -1 | AE18: 1 | AF18: -1 | AG18: -3 | AH18: -4 | AI18: -4 | AJ18: -2 | AK18: -4 | AL18: -2 | AM18: 3 | AN18: -2 | AO18: -4 | AP18: -3 | AQ18: -4 | AR18: -2 | AS18: -4 | AT18: -4 | AU18: -3 | AV18: -4 | AW18: -4 | AX18: -2 | AY18: 2 | AZ18: -2 | BA18: -4 | BB18: -4 | BC18: -1 | BD18: -4 | BE18: -1 | BF18: -3 | BG18: -4 | BH18: -1 | BI18: -3 | BJ18: -3 | BK18: -2 | BL18: -3 | BM18: -1 | BN18: -3 | BO18: -3 | BP18: -4 | BQ18: -3 | BR18: -2 | BS18: -4 | BT18: 2 | BU18: -4 | BV18: -3 | BW18: -4 | BX18: -4 | BY18: -1 | BZ18: -4 | CA18: -4 | CB18: -3 | CC18: -4 | CD18: -3 | CE18: -4 | CF18: -4 | CG18: -4 | CH18: -2 | CI18: -2 | CJ18: -2 | CK18: 2 | CL18: -3 | CM18: -3 | CN18: -3 | CO18: -3 | CP18: 1 | CQ18: -4 | CR18: -3 | CS18: -4 | CT18: -1 | CU18: -2 | CV18: -2 | CW18: -1 | CX18: -2 | CY18: -3 | CZ18: -2 | DA18: -2 | DB18: -4 | DC18: -4 | DD18: 1 | DE18: -3 | DF18: -4 | DG18: -3 | DH18: -4 | DI18: -1 | DJ18: -2 | DK18: -4 | DL18: -3 | DM18: -2 | DN18: -2 | DO18: -1 | DP18: -3 | DQ18: -4 | DR18: -2
A19: green | B19: joy | C19: 2 | D19: -2 | E19: 1 | F19: -1 | G19: -2 | H19: 3 | I19: -1 | J19: -4 | K19: 2 | L19: 2 | M19: -2 | N19: 1 | O19: -3 | P19: 2 | Q19: -3 | R19: -1 | S19: -3 | T19: -2 | U19: -4 | V19: -4 | W19: 2 | X19: 4 | Y19: 1 | Z19: 1 | AA19: -4 | AB19: -3 | AC19: -3 | AD19: 1 | AE19: -3 | AF19: -3 | AG19: -1 | AH19: 1 | AI19: -3 | AJ19: -2 | AK19: 1 | AL19: -2 | AM19: 2 | AN19: 1 | AO19: -3 | AP19: 3 | AQ19: 2 | AR19: -3 | AS19: -3 | AT19: -4 | AU19: -1 | AV19: -4 | AW19: -3 | AX19: -2 | AY19: -3 | AZ19: 1 | BA19: -3 | BB19: 1 | BC19: 1 | BD19: 3 | BE19: -1 | BF19: -3 | BG19: -1 | BH19: 1 | BI19: -1 | BJ19: 2 | BK19: -1 | BL19: 3 | BM19: 2 | BN19: 1 | BO19: -3 | BP19: 2 | BQ19: -4 | BR19: -2 | BS19: -3 | BT19: -2 | BU19: 1 | BV19: -1 | BW19: -4 | BX19: 1 | BY19: -2 | BZ19: -4 | CA19: -4 | CB19: -3 | CC19: -4 | CD19: 1 | CE19: -4 | CF19: 3 | CG19: -3 | CH19: 1 | CI19: 4 | CJ19: -4 | CK19: 2 | CL19: -4 | CM19: -3 | CN19: -1 | CO19: -3 | CP19: -1 | CQ19: -2 | CR19: -4 | CS19: -4 | CT19: 1 | CU19: 1 | CV19: -1 | CW19: 1 | CX19: 2 | CY19: 2 | CZ19: 2 | DA19: 1 | DB19: 2 | DC19: -1 | DD19: -3 | DE19: -2 | DF19: 1 | DG19: 2 | DH19: 2 | DI19: 1 | DJ19: -4 | DK19: 4 | DL19: 2 | DM19: -3 | DN19: -1 | DO19: 1 | DP19: -3 | DQ19: -1 | DR19: -1
A20: anger | B20: defeated | C20: 2 | D20: 2 | E20: -2 | F20: 1 | G20: 1 | H20: 4 | I20: 1 | J20: -3 | K20: -2 | L20: -2 | M20: 2 | N20: 1 | O20: -4 | P20: 4 | Q20: -3 | R20: 1 | S20: 4 | T20: 2 | U20: -2 | V20: 2 | W20: 2 | X20: 3 | Y20: 1 | Z20: 1 | AA20: -2 | AB20: -2 | AC20: 3 | AD20: 1 | AE20: 1 | AF20: 3 | AG20: 3 | AH20: 1 | AI20: 2 | AJ20: 2 | AK20: 2 | AL20: 2 | AM20: -1 | AN20: -1 | AO20: 3 | AP20: 3 | AQ20: -2 | AR20: 3 | AS20: 3 | AT20: 1 | AU20: 3 | AV20: 1 | AW20: 3 | AX20: 2 | AY20: 3 | AZ20: -1 | BA20: 2 | BB20: 2 | BC20: 2 | BD20: 3 | BE20: -2 | BF20: 3 | BG20: 2 | BH20: 1 | BI20: 1 | BJ20: 2 | BK20: 2 | BL20: 3 | BM20: 1 | BN20: -3 | BO20: -1 | BP20: 3 | BQ20: -3 | BR20: 3 | BS20: 2 | BT20: 2 | BU20: 2 | BV20: -1 | BW20: -4 | BX20: 1 | BY20: 1 | BZ20: -3 | CA20: 2 | CB20: -3 | CC20: -4 | CD20: -1 | CE20: -4 | CF20: -4 | CG20: 3 | CH20: 1 | CI20: 3 | CJ20: -1 | CK20: 3 | CL20: -3 | CM20: 1 | CN20: 4 | CO20: -1 | CP20: 1 | CQ20: 2 | CR20: -1 | CS20: 2 | CT20: 2 | CU20: 2 | CV20: 2 | CW20: -2 | CX20: 3 | CY20: -2 | CZ20: 3 | DA20: 2 | DB20: 2 | DC20: 2 | DD20: 1 | DE20: 1 | DF20: -3 | DG20: 3 | DH20: -4 | DI20: 2 | DJ20: 2 | DK20: -3 | DL20: 3 | DM20: 1 | DN20: 2 | DO20: 3 | DP20: 2 | DQ20: 1 | DR20: 1
... A308: boredom | B308: pink | C308: -2 | D308: -3 | E308: -4 | F308: -2 | G308: -3 | H308: -4 | I308: -3 | J308: -4 | K308: -4 | L308: -2 | M308: -1 | N308: -4 | O308: -3 | P308: -3 | Q308: -3 | R308: -2 | S308: -2 | T308: -2 | U308: -3 | V308: -4 | W308: -2 | X308: -4 | Y308: -4 | Z308: -3 | AA308: -4 | AB308: -3 | AC308: -2 | AD308: -4 | AE308: -1 | AF308: -3 | AG308: -1 | AH308: -2 | AI308: -4 | AJ308: -4 | AK308: -2 | AL308: -2 | AM308: -4 | AN308: -2 | AO308: -1 | AP308: -4 | AQ308: -3 | AR308: -4 | AS308: -2 | AT308: -4 | AU308: 2 | AV308: -3 | AW308: -4 | AX308: -3 | AY308: -4 | AZ308: -4 | BA308: -2 | BB308: -4 | BC308: -1 | BD308: -2 | BE308: -2 | BF308: -4 | BG308: -4 | BH308: -1 | BI308: -4 | BJ308: -3 | BK308: -2 | BL308: -3 | BM308: -3 | BN308: 1 | BO308: -4 | BP308: -3 | BQ308: -4 | BR308: -2 | BS308: -4 | BT308: -3 | BU308: -4 | BV308: -4 | BW308: -4 | BX308: -4 | BY308: -1 | BZ308: -4 | CA308: -4 | CB308: -4 | CC308: -4 | CD308: -3 | CE308: -4 | CF308: -3 | CG308: -1 | CH308: -3 | CI308: -3 | CJ308: -4 | CK308: -2 | CL308: -2 | CM308: -2 | CN308: -1 | CO308: -2 | CP308: -3 | CQ308: -4 | CR308: -4 | CS308: -4 | CT308: -3 | CU308: -1 | CV308: -4 | CW308: -4 | CX308: -4 | CY308: -4 | CZ308: -4 | DA308: -1 | DB308: -4 | DC308: -3 | DD308: -4 | DE308: 1 | DF308: -3 | DG308: 1 | DH308: -4 | DI308: -2 | DJ308: -2 | DK308: -4 | DL308: -4 | DM308: -3 | DN308: -2 | DO308: -2 | DP308: -3 | DQ308: -4 | DR308: -2

Sheet Histogram Data
A1: 5f4fef64fd3fc113300fbb44 | B1: 0.8133
A2: 6658e797b169774877e72acb | B2: 0.8621
A3: 5f3e6467a097d9057137d439 | B3: 0.0815
A4: 613a5cffb2911279076b5709 | B4: 0.5439
A5: 65df6496db01100e362d8898 | B5: 0.53
A6: 573dbfc9cc30e7000dc57410 | B6: 0.6656
A7: 62eac867210f0e2e8d322d44 | B7: 0.7015
A8: 652fda184a4ad2f1e8517e82 | B8: 0.614
A9: 5c4594514fe4f800016ea070 | B9: 0.842
A10: 60aa79fa99f7d53701b02256 | B10: 0.754
A11: 665ec4e20d26bf359051fe13 | B11: 0.61699
A12: 6310a577c2072bb8325998b7 | B12: 0.7708
... A14: 65f43b8e7508020158576632 | B14: 0.82799
D22: =13/14 -> 0.92857143

Sheet heatmap difference
C1: Average
A2: brown | B2: anger | C2: =Depressed!C2-'Not Depressed'!C2 -> 0.091591592
A3: orange | B3: anxiety | C3: =Depressed!C3-'Not Depressed'!C3 -> -0.84234234
A4: red | B4: yellow | C4: =Depressed!C4-'Not Depressed'!C4 -> -0.63213213
A5: black | B5: blue | C5: =Depressed!C5-'Not Depressed'!C5 -> 0.17717718
A6: green | B6: calm | C6: =Depressed!C6-'Not Depressed'!C6 -> 0.46246246
A7: red | B7: pink | C7: =Depressed!C7-'Not Depressed'!C7 -> -0.43093093
A8: envy | B8: joy | C8: =Depressed!C8-'Not Depressed'!C8 -> 0.10660661
A9: fear | B9: anger | C9: =Depressed!C9-'Not Depressed'!C9 -> 0.2957958
A10: pink | B10: green | C10: =Depressed!C10-'Not Depressed'!C10 -> -0.51201201
A11: blue | B11: anger | C11: =Depressed!C11-'Not Depressed'!C11 -> 0.34084084
A12: green | B12: joy | C12: =Depressed!C12-'Not Depressed'!C12 -> 0.15765766
A13: anger | B13: defeated | C13: =Depressed!C13-'Not Depressed'!C13 -> 0.17417417
... A254: anxiety | B254: boredom | C254: =Depressed!C254-'Not Depressed'!C254 -> 0.60810811

Sheet Not Depressed
A1: word_1 | B1: word_2 | C1: Average
A2: brown | B2: anger | C2: =('not depressed breakdwon 0-7'!C2+'not depressed breakdwon 0-7'!D2+'not depressed breakdwon 0-7'!E2+'not depressed breakdwon 0-7'!F2+'not depressed breakdwon 0-7'!H2+'not depressed breakdwon 0-7'!I2+'not depressed breakdwon 0-7'!J2+'not depressed breakdwon 0-7'!M2+'not depressed breakdwon 0-7'!N2+'not depressed breakdwon 0-7'!O2+'not depressed breakdwon 0-7'!P2+'not depressed breakdwon 0-7'!Q2+'not depressed breakdwon 0-7'!R2+'not depressed breakdwon 0-7'!S2+'not depressed breakdwon 0-7'!T2+'not depressed breakdwon 0-7'!V2+'not depressed breakdwon 0-7'!W2+'not depressed breakdwon 0-7'!Y2+'not depressed breakdwon 0-7'!Z2+'not depressed breakdwon 0-7'!AA2+'not depressed breakdwon 0-7'!AB2+'not depressed breakdwon 0-7'!AC2+'not depressed breakdwon 0-7'!AD2+'not depressed breakdwon 0-7'!AE2+'not depressed breakdwon 0-7'!AF2+'not depressed breakdwon 0-7'!AH2+'not depressed breakdwon 0-7'!AI2+'not depressed breakdwon 0-7'!AJ2+'not depressed breakdwon 0-7'!AK2+'not depressed breakdwon 0-7'!AN2+'not depressed breakdwon 0-7'!AO2+'not depressed breakdwon 0-7'!AQ2+'not depressed breakdwon 0-7'!AR2+'not depressed breakdwon 0-7'!AS2+'not depressed breakdwon 0-7'!AT2+'not depressed breakdwon 0-7'!AU2+'not depressed breakdwon 0-7'!AV2)/37 -> 1.2972973
A3: orange | B3: anxiety | C3: =('not depressed breakdwon 0-7'!C3+'not depressed breakdwon 0-7'!D3+'not depressed breakdwon 0-7'!E3+'not depressed breakdwon 0-7'!F3+'not depressed breakdwon 0-7'!H3+'not depressed breakdwon 0-7'!I3+'not depressed breakdwon 0-7'!J3+'not depressed breakdwon 0-7'!M3+'not depressed breakdwon 0-7'!N3+'not depressed breakdwon 0-7'!O3+'not depressed breakdwon 0-7'!P3+'not depressed breakdwon 0-7'!Q3+'not depressed breakdwon 0-7'!R3+'not depressed breakdwon 0-7'!S3+'not depressed breakdwon 0-7'!T3+'not depressed breakdwon 0-7'!V3+'not depressed breakdwon 0-7'!W3+'not depressed breakdwon 0-7'!Y3+'not depressed breakdwon 0-7'!Z3+'not depressed breakdwon 0-7'!AA3+'not depressed breakdwon 0-7'!AB3+'not depressed breakdwon 0-7'!AC3+'not depressed breakdwon 0-7'!AD3+'not depressed breakdwon 0-7'!AE3+'not depressed breakdwon 0-7'!AF3+'not depressed breakdwon 0-7'!AH3+'not depressed breakdwon 0-7'!AI3+'not depressed breakdwon 0-7'!AJ3+'not depressed breakdwon 0-7'!AK3+'not depressed breakdwon 0-7'!AN3+'not depressed breakdwon 0-7'!AO3+'not depressed breakdwon 0-7'!AQ3+'not depressed breakdwon 0-7'!AR3+'not depressed breakdwon 0-7'!AS3+'not depressed breakdwon 0-7'!AT3+'not depressed breakdwon 0-7'!AU3+'not depressed breakdwon 0-7'!AV3)/37 -> 1.6756757
A4: red | B4: yellow | C4: =('not depressed breakdwon 0-7'!C4+'not depressed breakdwon 0-7'!D4+'not depressed breakdwon 0-7'!E4+'not depressed breakdwon 0-7'!F4+'not depressed breakdwon 0-7'!H4+'not depressed breakdwon 0-7'!I4+'not depressed breakdwon 0-7'!J4+'not depressed breakdwon 0-7'!M4+'not depressed breakdwon 0-7'!N4+'not depressed breakdwon 0-7'!O4+'not depressed breakdwon 0-7'!P4+'not depressed breakdwon 0-7'!Q4+'not depressed breakdwon 0-7'!R4+'not depressed breakdwon 0-7'!S4+'not depressed breakdwon 0-7'!T4+'not depressed breakdwon 0-7'!V4+'not depressed breakdwon 0-7'!W4+'not depressed breakdwon 0-7'!Y4+'not depressed breakdwon 0-7'!Z4+'not depressed breakdwon 0-7'!AA4+'not depressed breakdwon 0-7'!AB4+'not depressed breakdwon 0-7'!AC4+'not depressed breakdwon 0-7'!AD4+'not depressed breakdwon 0-7'!AE4+'not depressed breakdwon 0-7'!AF4+'not depressed breakdwon 0-7'!AH4+'not depressed breakdwon 0-7'!AI4+'not depressed breakdwon 0-7'!AJ4+'not depressed breakdwon 0-7'!AK4+'not depressed breakdwon 0-7'!AN4+'not depressed breakdwon 0-7'!AO4+'not depressed breakdwon 0-7'!AQ4+'not depressed breakdwon 0-7'!AR4+'not depressed breakdwon 0-7'!AS4+'not depressed breakdwon 0-7'!AT4+'not depressed breakdwon 0-7'!AU4+'not depressed breakdwon 0-7'!AV4)/37 -> 4.2432432
A5: black | B5: blue | C5: =('not depressed breakdwon 0-7'!C5+'not depressed breakdwon 0-7'!D5+'not depressed breakdwon 0-7'!E5+'not depressed breakdwon 0-7'!F5+'not depressed breakdwon 0-7'!H5+'not depressed breakdwon 0-7'!I5+'not depressed breakdwon 0-7'!J5+'not depressed breakdwon 0-7'!M5+'not depressed breakdwon 0-7'!N5+'not depressed breakdwon 0-7'!O5+'not depressed breakdwon 0-7'!P5+'not depressed breakdwon 0-7'!Q5+'not depressed breakdwon 0-7'!R5+'not depressed breakdwon 0-7'!S5+'not depressed breakdwon 0-7'!T5+'not depressed breakdwon 0-7'!V5+'not depressed breakdwon 0-7'!W5+'not depressed breakdwon 0-7'!Y5+'not depressed breakdwon 0-7'!Z5+'not depressed breakdwon 0-7'!AA5+'not depressed breakdwon 0-7'!AB5+'not depressed breakdwon 0-7'!AC5+'not depressed breakdwon 0-7'!AD5+'not depressed breakdwon 0-7'!AE5+'not depressed breakdwon 0-7'!AF5+'not depressed breakdwon 0-7'!AH5+'not depressed breakdwon 0-7'!AI5+'not depressed breakdwon 0-7'!AJ5+'not depressed breakdwon 0-7'!AK5+'not depressed breakdwon 0-7'!AN5+'not depressed breakdwon 0-7'!AO5+'not depressed breakdwon 0-7'!AQ5+'not depressed breakdwon 0-7'!AR5+'not depressed breakdwon 0-7'!AS5+'not depressed breakdwon 0-7'!AT5+'not depressed breakdwon 0-7'!AU5+'not depressed breakdwon 0-7'!AV5)/37 -> 4.3783784
A6: green | B6: calm | C6: =('not depressed breakdwon 0-7'!C6+'not depressed breakdwon 0-7'!D6+'not depressed breakdwon 0-7'!E6+'not depressed breakdwon 0-7'!F6+'not depressed breakdwon 0-7'!H6+'not depressed breakdwon 0-7'!I6+'not depressed breakdwon 0-7'!J6+'not depressed breakdwon 0-7'!M6+'not depressed breakdwon 0-7'!N6+'not depressed breakdwon 0-7'!O6+'not depressed breakdwon 0-7'!P6+'not depressed breakdwon 0-7'!Q6+'not depressed breakdwon 0-7'!R6+'not depressed breakdwon 0-7'!S6+'not depressed breakdwon 0-7'!T6+'not depressed breakdwon 0-7'!V6+'not depressed breakdwon 0-7'!W6+'not depressed breakdwon 0-7'!Y6+'not depressed breakdwon 0-7'!Z6+'not depressed breakdwon 0-7'!AA6+'not depressed breakdwon 0-7'!AB6+'not depressed breakdwon 0-7'!AC6+'not depressed breakdwon 0-7'!AD6+'not depressed breakdwon 0-7'!AE6+'not depressed breakdwon 0-7'!AF6+'not depressed breakdwon 0-7'!AH6+'not depressed breakdwon 0-7'!AI6+'not depressed breakdwon 0-7'!AJ6+'not depressed breakdwon 0-7'!AK6+'not depressed breakdwon 0-7'!AN6+'not depressed breakdwon 0-7'!AO6+'not depressed breakdwon 0-7'!AQ6+'not depressed breakdwon 0-7'!AR6+'not depressed breakdwon 0-7'!AS6+'not depressed breakdwon 0-7'!AT6+'not depressed breakdwon 0-7'!AU6+'not depressed breakdwon 0-7'!AV6)/37 -> 3.6486486
A7: red | B7: pink | C7: =('not depressed breakdwon 0-7'!C7+'not depressed breakdwon 0-7'!D7+'not depressed breakdwon 0-7'!E7+'not depressed breakdwon 0-7'!F7+'not depressed breakdwon 0-7'!H7+'not depressed breakdwon 0-7'!I7+'not depressed breakdwon 0-7'!J7+'not depressed breakdwon 0-7'!M7+'not depressed breakdwon 0-7'!N7+'not depressed breakdwon 0-7'!O7+'not depressed breakdwon 0-7'!P7+'not depressed breakdwon 0-7'!Q7+'not depressed breakdwon 0-7'!R7+'not depressed breakdwon 0-7'!S7+'not depressed breakdwon 0-7'!T7+'not depressed breakdwon 0-7'!V7+'not depressed breakdwon 0-7'!W7+'not depressed breakdwon 0-7'!Y7+'not depressed breakdwon 0-7'!Z7+'not depressed breakdwon 0-7'!AA7+'not depressed breakdwon 0-7'!AB7+'not depressed breakdwon 0-7'!AC7+'not depressed breakdwon 0-7'!AD7+'not depressed breakdwon 0-7'!AE7+'not depressed breakdwon 0-7'!AF7+'not depressed breakdwon 0-7'!AH7+'not depressed breakdwon 0-7'!AI7+'not depressed breakdwon 0-7'!AJ7+'not depressed breakdwon 0-7'!AK7+'not depressed breakdwon 0-7'!AN7+'not depressed breakdwon 0-7'!AO7+'not depressed breakdwon 0-7'!AQ7+'not depressed breakdwon 0-7'!AR7+'not depressed breakdwon 0-7'!AS7+'not depressed breakdwon 0-7'!AT7+'not depressed breakdwon 0-7'!AU7+'not depressed breakdwon 0-7'!AV7)/37 -> 5.4864865
A8: envy | B8: joy | C8: =('not depressed breakdwon 0-7'!C8+'not depressed breakdwon 0-7'!D8+'not depressed breakdwon 0-7'!E8+'not depressed breakdwon 0-7'!F8+'not depressed breakdwon 0-7'!H8+'not depressed breakdwon 0-7'!I8+'not depressed breakdwon 0-7'!J8+'not depressed breakdwon 0-7'!M8+'not depressed breakdwon 0-7'!N8+'not depressed breakdwon 0-7'!O8+'not depressed breakdwon 0-7'!P8+'not depressed breakdwon 0-7'!Q8+'not depressed breakdwon 0-7'!R8+'not depressed breakdwon 0-7'!S8+'not depressed breakdwon 0-7'!T8+'not depressed breakdwon 0-7'!V8+'not depressed breakdwon 0-7'!W8+'not depressed breakdwon 0-7'!Y8+'not depressed breakdwon 0-7'!Z8+'not depressed breakdwon 0-7'!AA8+'not depressed breakdwon 0-7'!AB8+'not depressed breakdwon 0-7'!AC8+'not depressed breakdwon 0-7'!AD8+'not depressed breakdwon 0-7'!AE8+'not depressed breakdwon 0-7'!AF8+'not depressed breakdwon 0-7'!AH8+'not depressed breakdwon 0-7'!AI8+'not depressed breakdwon 0-7'!AJ8+'not depressed breakdwon 0-7'!AK8+'not depressed breakdwon 0-7'!AN8+'not depressed breakdwon 0-7'!AO8+'not depressed breakdwon 0-7'!AQ8+'not depressed breakdwon 0-7'!AR8+'not depressed breakdwon 0-7'!AS8+'not depressed breakdwon 0-7'!AT8+'not depressed breakdwon 0-7'!AU8+'not depressed breakdwon 0-7'!AV8)/37 -> 1.8378378
A9: fear | B9: anger | C9: =('not depressed breakdwon 0-7'!C9+'not depressed breakdwon 0-7'!D9+'not depressed breakdwon 0-7'!E9+'not depressed breakdwon 0-7'!F9+'not depressed breakdwon 0-7'!H9+'not depressed breakdwon 0-7'!I9+'not depressed breakdwon 0-7'!J9+'not depressed breakdwon 0-7'!M9+'not depressed breakdwon 0-7'!N9+'not depressed breakdwon 0-7'!O9+'not depressed breakdwon 0-7'!P9+'not depressed breakdwon 0-7'!Q9+'not depressed breakdwon 0-7'!R9+'not depressed breakdwon 0-7'!S9+'not depressed breakdwon 0-7'!T9+'not depressed breakdwon 0-7'!V9+'not depressed breakdwon 0-7'!W9+'not depressed breakdwon 0-7'!Y9+'not depressed breakdwon 0-7'!Z9+'not depressed breakdwon 0-7'!AA9+'not depressed breakdwon 0-7'!AB9+'not depressed breakdwon 0-7'!AC9+'not depressed breakdwon 0-7'!AD9+'not depressed breakdwon 0-7'!AE9+'not depressed breakdwon 0-7'!AF9+'not depressed breakdwon 0-7'!AH9+'not depressed breakdwon 0-7'!AI9+'not depressed breakdwon 0-7'!AJ9+'not depressed breakdwon 0-7'!AK9+'not depressed breakdwon 0-7'!AN9+'not depressed breakdwon 0-7'!AO9+'not depressed breakdwon 0-7'!AQ9+'not depressed breakdwon 0-7'!AR9+'not depressed breakdwon 0-7'!AS9+'not depressed breakdwon 0-7'!AT9+'not depressed breakdwon 0-7'!AU9+'not depressed breakdwon 0-7'!AV9)/37 -> 4.6486486
A10: pink | B10: green | C10: =('not depressed breakdwon 0-7'!C10+'not depressed breakdwon 0-7'!D10+'not depressed breakdwon 0-7'!E10+'not depressed breakdwon 0-7'!F10+'not depressed breakdwon 0-7'!H10+'not depressed breakdwon 0-7'!I10+'not depressed breakdwon 0-7'!J10+'not depressed breakdwon 0-7'!M10+'not depressed breakdwon 0-7'!N10+'not depressed breakdwon 0-7'!O10+'not depressed breakdwon 0-7'!P10+'not depressed breakdwon 0-7'!Q10+'not depressed breakdwon 0-7'!R10+'not depressed breakdwon 0-7'!S10+'not depressed breakdwon 0-7'!T10+'not depressed breakdwon 0-7'!V10+'not depressed breakdwon 0-7'!W10+'not depressed breakdwon 0-7'!Y10+'not depressed breakdwon 0-7'!Z10+'not depressed breakdwon 0-7'!AA10+'not depressed breakdwon 0-7'!AB10+'not depressed breakdwon 0-7'!AC10+'not depressed breakdwon 0-7'!AD10+'not depressed breakdwon 0-7'!AE10+'not depressed breakdwon 0-7'!AF10+'not depressed breakdwon 0-7'!AH10+'not depressed breakdwon 0-7'!AI10+'not depressed breakdwon 0-7'!AJ10+'not depressed breakdwon 0-7'!AK10+'not depressed breakdwon 0-7'!AN10+'not depressed breakdwon 0-7'!AO10+'not depressed breakdwon 0-7'!AQ10+'not depressed breakdwon 0-7'!AR10+'not depressed breakdwon 0-7'!AS10+'not depressed breakdwon 0-7'!AT10+'not depressed breakdwon 0-7'!AU10+'not depressed breakdwon 0-7'!AV10)/37 -> 3.5675676
A11: blue | B11: anger | C11: =('not depressed breakdwon 0-7'!C11+'not depressed breakdwon 0-7'!D11+'not depressed breakdwon 0-7'!E11+'not depressed breakdwon 0-7'!F11+'not depressed breakdwon 0-7'!H11+'not depressed breakdwon 0-7'!I11+'not depressed breakdwon 0-7'!J11+'not depressed breakdwon 0-7'!M11+'not depressed breakdwon 0-7'!N11+'not depressed breakdwon 0-7'!O11+'not depressed breakdwon 0-7'!P11+'not depressed breakdwon 0-7'!Q11+'not depressed breakdwon 0-7'!R11+'not depressed breakdwon 0-7'!S11+'not depressed breakdwon 0-7'!T11+'not depressed breakdwon 0-7'!V11+'not depressed breakdwon 0-7'!W11+'not depressed breakdwon 0-7'!Y11+'not depressed breakdwon 0-7'!Z11+'not depressed breakdwon 0-7'!AA11+'not depressed breakdwon 0-7'!AB11+'not depressed breakdwon 0-7'!AC11+'not depressed breakdwon 0-7'!AD11+'not depressed breakdwon 0-7'!AE11+'not depressed breakdwon 0-7'!AF11+'not depressed breakdwon 0-7'!AH11+'not depressed breakdwon 0-7'!AI11+'not depressed breakdwon 0-7'!AJ11+'not depressed breakdwon 0-7'!AK11+'not depressed breakdwon 0-7'!AN11+'not depressed breakdwon 0-7'!AO11+'not depressed breakdwon 0-7'!AQ11+'not depressed breakdwon 0-7'!AR11+'not depressed breakdwon 0-7'!AS11+'not depressed breakdwon 0-7'!AT11+'not depressed breakdwon 0-7'!AU11+'not depressed breakdwon 0-7'!AV11)/37 -> 1.2702703
A12: green | B12: joy | C12: =('not depressed breakdwon 0-7'!C12+'not depressed breakdwon 0-7'!D12+'not depressed breakdwon 0-7'!E12+'not depressed breakdwon 0-7'!F12+'not depressed breakdwon 0-7'!H12+'not depressed breakdwon 0-7'!I12+'not depressed breakdwon 0-7'!J12+'not depressed breakdwon 0-7'!M12+'not depressed breakdwon 0-7'!N12+'not depressed breakdwon 0-7'!O12+'not depressed breakdwon 0-7'!P12+'not depressed breakdwon 0-7'!Q12+'not depressed breakdwon 0-7'!R12+'not depressed breakdwon 0-7'!S12+'not depressed breakdwon 0-7'!T12+'not depressed breakdwon 0-7'!V12+'not depressed breakdwon 0-7'!W12+'not depressed breakdwon 0-7'!Y12+'not depressed breakdwon 0-7'!Z12+'not depressed breakdwon 0-7'!AA12+'not depressed breakdwon 0-7'!AB12+'not depressed breakdwon 0-7'!AC12+'not depressed breakdwon 0-7'!AD12+'not depressed breakdwon 0-7'!AE12+'not depressed breakdwon 0-7'!AF12+'not depressed breakdwon 0-7'!AH12+'not depressed breakdwon 0-7'!AI12+'not depressed breakdwon 0-7'!AJ12+'not depressed breakdwon 0-7'!AK12+'not depressed breakdwon 0-7'!AN12+'not depressed breakdwon 0-7'!AO12+'not depressed breakdwon 0-7'!AQ12+'not depressed breakdwon 0-7'!AR12+'not depressed breakdwon 0-7'!AS12+'not depressed breakdwon 0-7'!AT12+'not depressed breakdwon 0-7'!AU12+'not depressed breakdwon 0-7'!AV12)/37 -> 2.6756757
A13: anger | B13: defeated | C13: =('not depressed breakdwon 0-7'!C13+'not depressed breakdwon 0-7'!D13+'not depressed breakdwon 0-7'!E13+'not depressed breakdwon 0-7'!F13+'not depressed breakdwon 0-7'!H13+'not depressed breakdwon 0-7'!I13+'not depressed breakdwon 0-7'!J13+'not depressed breakdwon 0-7'!M13+'not depressed breakdwon 0-7'!N13+'not depressed breakdwon 0-7'!O13+'not depressed breakdwon 0-7'!P13+'not depressed breakdwon 0-7'!Q13+'not depressed breakdwon 0-7'!R13+'not depressed breakdwon 0-7'!S13+'not depressed breakdwon 0-7'!T13+'not depressed breakdwon 0-7'!V13+'not depressed breakdwon 0-7'!W13+'not depressed breakdwon 0-7'!Y13+'not depressed breakdwon 0-7'!Z13+'not depressed breakdwon 0-7'!AA13+'not depressed breakdwon 0-7'!AB13+'not depressed breakdwon 0-7'!AC13+'not depressed breakdwon 0-7'!AD13+'not depressed breakdwon 0-7'!AE13+'not depressed breakdwon 0-7'!AF13+'not depressed breakdwon 0-7'!AH13+'not depressed breakdwon 0-7'!AI13+'not depressed breakdwon 0-7'!AJ13+'not depressed breakdwon 0-7'!AK13+'not depressed breakdwon 0-7'!AN13+'not depressed breakdwon 0-7'!AO13+'not depressed breakdwon 0-7'!AQ13+'not depressed breakdwon 0-7'!AR13+'not depressed breakdwon 0-7'!AS13+'not depressed breakdwon 0-7'!AT13+'not depressed breakdwon 0-7'!AU13+'not depressed breakdwon 0-7'!AV13)/37 -> 4.2702703
... A254: anxiety | B254: boredom | C254: =('not depressed breakdwon 0-7'!C254+'not depressed breakdwon 0-7'!D254+'not depressed breakdwon 0-7'!E254+'not depressed breakdwon 0-7'!F254+'not depressed breakdwon 0-7'!H254+'not depressed breakdwon 0-7'!I254+'not depressed breakdwon 0-7'!J254+'not depressed breakdwon 0-7'!M254+'not depressed breakdwon 0-7'!N254+'not depressed breakdwon 0-7'!O254+'not depressed breakdwon 0-7'!P254+'not depressed breakdwon 0-7'!Q254+'not depressed breakdwon 0-7'!R254+'not depressed breakdwon 0-7'!S254+'not depressed breakdwon 0-7'!T254+'not depressed breakdwon 0-7'!V254+'not depressed breakdwon 0-7'!W254+'not depressed breakdwon 0-7'!Y254+'not depressed breakdwon 0-7'!Z254+'not depressed breakdwon 0-7'!AA254+'not depressed breakdwon 0-7'!AB254+'not depressed breakdwon 0-7'!AC254+'not depressed breakdwon 0-7'!AD254+'not depressed breakdwon 0-7'!AE254+'not depressed breakdwon 0-7'!AF254+'not depressed breakdwon 0-7'!AH254+'not depressed breakdwon 0-7'!AI254+'not depressed breakdwon 0-7'!AJ254+'not depressed breakdwon 0-7'!AK254+'not depressed breakdwon 0-7'!AN254+'not depressed breakdwon 0-7'!AO254+'not depressed breakdwon 0-7'!AQ254+'not depressed breakdwon 0-7'!AR254+'not depressed breakdwon 0-7'!AS254+'not depressed breakdwon 0-7'!AT254+'not depressed breakdwon 0-7'!AU254+'not depressed breakdwon 0-7'!AV254)/37 -> 2.8918919

Sheet depressed breakdown 0-7
A1: 60ec17bbca621383f7703474 | B1: 60fec796f3280a63122a597d | C1: 65e07affd71e6eb2a1f2cb79 | D1: 652a36f3aab4f12eaae71984 | E1: 5d53fd59f6d6da00011209c0 | F1: 664ee40a174196c485eb6331 | G1: 5e7a2c8990574006b633ec09 | H1: 6298e97db2a191f24ebb9db1 | I1: 5be5f6a57c137f00017ed225 | J1: 66476157dbf12ebc5578b8da | K1: 573a34f614f69e000d7d670f | L1: 63dadcb85db62398fa0fd383 | M1: 5bd9580fbeca730001cf339b | N1: 5ff637018573f01a703f23f4 | O1: 5980128635fbf100017d0861 | P1: 65f43b8e7508020158576632 | Q1: 6310a577c2072bb8325998b7 | R1: 60aa79fa99f7d53701b02256
A2: =IF('depressed breakdown'!A7 < 0, 'depressed breakdown'!A7 + 4, 'depressed breakdown'!A7 + 3) -> 0 | B2: =IF('depressed breakdown'!B7 < 0, 'depressed breakdown'!B7 + 4, 'depressed breakdown'!B7 + 3) -> 6 | C2: =IF('depressed breakdown'!E7 < 0, 'depressed breakdown'!E7 + 4, 'depressed breakdown'!E7 + 3) -> 2 | D2: =IF('depressed breakdown'!F7 < 0, 'depressed breakdown'!F7 + 4, 'depressed breakdown'!F7 + 3) -> 6 | E2: =IF('depressed breakdown'!G7 < 0, 'depressed breakdown'!G7 + 4, 'depressed breakdown'!G7 + 3) -> 0 | F2: =IF('depressed breakdown'!H7 < 0, 'depressed breakdown'!H7 + 4, 'depressed breakdown'!H7 + 3) -> 0 | G2: =IF('depressed breakdown'!I7 < 0, 'depressed breakdown'!I7 + 4, 'depressed breakdown'!I7 + 3) -> 1 | H2: =IF('depressed breakdown'!J7 < 0, 'depressed breakdown'!J7 + 4, 'depressed breakdown'!J7 + 3) -> 0 | I2: =IF('depressed breakdown'!K7 < 0, 'depressed breakdown'!K7 + 4, 'depressed breakdown'!K7 + 3) -> 1 | J2: =IF('depressed breakdown'!L7 < 0, 'depressed breakdown'!L7 + 4, 'depressed breakdown'!L7 + 3) -> 3 | ... R2: =IF('depressed breakdown'!T7 < 0, 'depressed breakdown'!T7 + 4, 'depressed breakdown'!T7 + 3) -> 1
A3: =IF('depressed breakdown'!A8 < 0, 'depressed breakdown'!A8 + 4, 'depressed breakdown'!A8 + 3) -> 0 | B3: =IF('depressed breakdown'!B8 < 0, 'depressed breakdown'!B8 + 4, 'depressed breakdown'!B8 + 3) -> 2 | C3: =IF('depressed breakdown'!E8 < 0, 'depressed breakdown'!E8 + 4, 'depressed breakdown'!E8 + 3) -> 0 | D3: =IF('depressed breakdown'!F8 < 0, 'depressed breakdown'!F8 + 4, 'depressed breakdown'!F8 + 3) -> 3 | E3: =IF('depressed breakdown'!G8 < 0, 'depressed breakdown'!G8 + 4, 'depressed breakdown'!G8 + 3) -> 0 | F3: =IF('depressed breakdown'!H8 < 0, 'depressed breakdown'!H8 + 4, 'depressed breakdown'!H8 + 3) -> 0 | G3: =IF('depressed breakdown'!I8 < 0, 'depressed breakdown'!I8 + 4, 'depressed breakdown'!I8 + 3) -> 0 | H3: =IF('depressed breakdown'!J8 < 0, 'depressed breakdown'!J8 + 4, 'depressed breakdown'!J8 + 3) -> 0 | I3: =IF('depressed breakdown'!K8 < 0, 'depressed breakdown'!K8 + 4, 'depressed breakdown'!K8 + 3) -> 1 | J3: =IF('depressed breakdown'!L8 < 0, 'depressed breakdown'!L8 + 4, 'depressed breakdown'!L8 + 3) -> 1 | ... R3: =IF('depressed breakdown'!T8 < 0, 'depressed breakdown'!T8 + 4, 'depressed breakdown'!T8 + 3) -> 0
A4: =IF('depressed breakdown'!A9 < 0, 'depressed breakdown'!A9 + 4, 'depressed breakdown'!A9 + 3) -> 4 | B4: =IF('depressed breakdown'!B9 < 0, 'depressed breakdown'!B9 + 4, 'depressed breakdown'!B9 + 3) -> 5 | C4: =IF('depressed breakdown'!E9 < 0, 'depressed breakdown'!E9 + 4, 'depressed breakdown'!E9 + 3) -> 4 | D4: =IF('depressed breakdown'!F9 < 0, 'depressed breakdown'!F9 + 4, 'depressed breakdown'!F9 + 3) -> 4 | E4: =IF('depressed breakdown'!G9 < 0, 'depressed breakdown'!G9 + 4, 'depressed breakdown'!G9 + 3) -> 0 | F4: =IF('depressed breakdown'!H9 < 0, 'depressed breakdown'!H9 + 4, 'depressed breakdown'!H9 + 3) -> 1 | G4: =IF('depressed breakdown'!I9 < 0, 'depressed breakdown'!I9 + 4, 'depressed breakdown'!I9 + 3) -> 4 | H4: =IF('depressed breakdown'!J9 < 0, 'depressed breakdown'!J9 + 4, 'depressed breakdown'!J9 + 3) -> 3 | I4: =IF('depressed breakdown'!K9 < 0, 'depressed breakdown'!K9 + 4, 'depressed breakdown'!K9 + 3) -> 2 | J4: =IF('depressed breakdown'!L9 < 0, 'depressed breakdown'!L9 + 4, 'depressed breakdown'!L9 + 3) -> 0 | ... R4: =IF('depressed breakdown'!T9 < 0, 'depressed breakdown'!T9 + 4, 'depressed breakdown'!T9 + 3) -> 5
A5: =IF('depressed breakdown'!A10 < 0, 'depressed breakdown'!A10 + 4, 'depressed breakdown'!A10 + 3) -> 4 | B5: =IF('depressed breakdown'!B10 < 0, 'depressed breakdown'!B10 + 4, 'depressed breakdown'!B10 + 3) -> 6 | C5: =IF('depressed breakdown'!E10 < 0, 'depressed breakdown'!E10 + 4, 'depressed breakdown'!E10 + 3) -> 6 | D5: =IF('depressed breakdown'!F10 < 0, 'depressed breakdown'!F10 + 4, 'depressed breakdown'!F10 + 3) -> 6 | E5: =IF('depressed breakdown'!G10 < 0, 'depressed breakdown'!G10 + 4, 'depressed breakdown'!G10 + 3) -> 4 | F5: =IF('depressed breakdown'!H10 < 0, 'depressed breakdown'!H10 + 4, 'depressed breakdown'!H10 + 3) -> 1 | G5: =IF('depressed breakdown'!I10 < 0, 'depressed breakdown'!I10 + 4, 'depressed breakdown'!I10 + 3) -> 5 | H5: =IF('depressed breakdown'!J10 < 0, 'depressed breakdown'!J10 + 4, 'depressed breakdown'!J10 + 3) -> 4 | I5: =IF('depressed breakdown'!K10 < 0, 'depressed breakdown'!K10 + 4, 'depressed breakdown'!K10 + 3) -> 2 | J5: =IF('depressed breakdown'!L10 < 0, 'depressed breakdown'!L10 + 4, 'depressed breakdown'!L10 + 3) -> 3 | ... R5: =IF('depressed breakdown'!T10 < 0, 'depressed breakdown'!T10 + 4, 'depressed breakdown'!T10 + 3) -> 5
A6: =IF('depressed breakdown'!A11 < 0, 'depressed breakdown'!A11 + 4, 'depressed breakdown'!A11 + 3) -> 5 | B6: =IF('depressed breakdown'!B11 < 0, 'depressed breakdown'!B11 + 4, 'depressed breakdown'!B11 + 3) -> 5 | C6: =IF('depressed breakdown'!E11 < 0, 'depressed breakdown'!E11 + 4, 'depressed breakdown'!E11 + 3) -> 6 | D6: =IF('depressed breakdown'!F11 < 0, 'depressed breakdown'!F11 + 4, 'depressed breakdown'!F11 + 3) -> 2 | E6: =IF('depressed breakdown'!G11 < 0, 'depressed breakdown'!G11 + 4, 'depressed breakdown'!G11 + 3) -> 4 | F6: =IF('depressed breakdown'!H11 < 0, 'depressed breakdown'!H11 + 4, 'depressed breakdown'!H11 + 3) -> 1 | G6: =IF('depressed breakdown'!I11 < 0, 'depressed breakdown'!I11 + 4, 'depressed breakdown'!I11 + 3) -> 5 | H6: =IF('depressed breakdown'!J11 < 0, 'depressed breakdown'!J11 + 4, 'depressed breakdown'!J11 + 3) -> 1 | I6: =IF('depressed breakdown'!K11 < 0, 'depressed breakdown'!K11 + 4, 'depressed breakdown'!K11 + 3) -> 4 | J6: =IF('depressed breakdown'!L11 < 0, 'depressed breakdown'!L11 + 4, 'depressed breakdown'!L11 + 3) -> 5 | ... R6: =IF('depressed breakdown'!T11 < 0, 'depressed breakdown'!T11 + 4, 'depressed breakdown'!T11 + 3) -> 6
A7: =IF('depressed breakdown'!A12 < 0, 'depressed breakdown'!A12 + 4, 'depressed breakdown'!A12 + 3) -> 6 | B7: =IF('depressed breakdown'!B12 < 0, 'depressed breakdown'!B12 + 4, 'depressed breakdown'!B12 + 3) -> 6 | C7: =IF('depressed breakdown'!E12 < 0, 'depressed breakdown'!E12 + 4, 'depressed breakdown'!E12 + 3) -> 6 | D7: =IF('depressed breakdown'!F12 < 0, 'depressed breakdown'!F12 + 4, 'depressed breakdown'!F12 + 3) -> 6 | E7: =IF('depressed breakdown'!G12 < 0, 'depressed breakdown'!G12 + 4, 'depressed breakdown'!G12 + 3) -> 4 | F7: =IF('depressed breakdown'!H12 < 0, 'depressed breakdown'!H12 + 4, 'depressed breakdown'!H12 + 3) -> 2 | G7: =IF('depressed breakdown'!I12 < 0, 'depressed breakdown'!I12 + 4, 'depressed breakdown'!I12 + 3) -> 6 | H7: =IF('depressed breakdown'!J12 < 0, 'depressed breakdown'!J12 + 4, 'depressed breakdown'!J12 + 3) -> 5 | I7: =IF('depressed breakdown'!K12 < 0, 'depressed breakdown'!K12 + 4, 'depressed breakdown'!K12 + 3) -> 2 | J7: =IF('depressed breakdown'!L12 < 0, 'depressed breakdown'!L12 + 4, 'depressed breakdown'!L12 + 3) -> 5 | ... R7: =IF('depressed breakdown'!T12 < 0, 'depressed breakdown'!T12 + 4, 'depressed breakdown'!T12 + 3) -> 5
A8: =IF('depressed breakdown'!A13 < 0, 'depressed breakdown'!A13 + 4, 'depressed breakdown'!A13 + 3) -> 3 | B8: =IF('depressed breakdown'!B13 < 0, 'depressed breakdown'!B13 + 4, 'depressed breakdown'!B13 + 3) -> 2 | C8: =IF('depressed breakdown'!E13 < 0, 'depressed breakdown'!E13 + 4, 'depressed breakdown'!E13 + 3) -> 0 | D8: =IF('depressed breakdown'!F13 < 0, 'depressed breakdown'!F13 + 4, 'depressed breakdown'!F13 + 3) -> 5 | E8: =IF('depressed breakdown'!G13 < 0, 'depressed breakdown'!G13 + 4, 'depressed breakdown'!G13 + 3) -> 0 | F8: =IF('depressed breakdown'!H13 < 0, 'depressed breakdown'!H13 + 4, 'depressed breakdown'!H13 + 3) -> 0 | G8: =IF('depressed breakdown'!I13 < 0, 'depressed breakdown'!I13 + 4, 'depressed breakdown'!I13 + 3) -> 1 | H8: =IF('depressed breakdown'!J13 < 0, 'depressed breakdown'!J13 + 4, 'depressed breakdown'!J13 + 3) -> 3 | I8: =IF('depressed breakdown'!K13 < 0, 'depressed breakdown'!K13 + 4, 'depressed breakdown'!K13 + 3) -> 0 | J8: =IF('depressed breakdown'!L13 < 0, 'depressed breakdown'!L13 + 4, 'depressed breakdown'!L13 + 3) -> 1 | ... R8: =IF('depressed breakdown'!T13 < 0, 'depressed breakdown'!T13 + 4, 'depressed breakdown'!T13 + 3) -> 2
A9: =IF('depressed breakdown'!A14 < 0, 'depressed breakdown'!A14 + 4, 'depressed breakdown'!A14 + 3) -> 6 | B9: =IF('depressed breakdown'!B14 < 0, 'depressed breakdown'!B14 + 4, 'depressed breakdown'!B14 + 3) -> 5 | C9: =IF('depressed breakdown'!E14 < 0, 'depressed breakdown'!E14 + 4, 'depressed breakdown'!E14 + 3) -> 7 | D9: =IF('depressed breakdown'!F14 < 0, 'depressed breakdown'!F14 + 4, 'depressed breakdown'!F14 + 3) -> 6 | E9: =IF('depressed breakdown'!G14 < 0, 'depressed breakdown'!G14 + 4, 'depressed breakdown'!G14 + 3) -> 4 | F9: =IF('depressed breakdown'!H14 < 0, 'depressed breakdown'!H14 + 4, 'depressed breakdown'!H14 + 3) -> 1 | G9: =IF('depressed breakdown'!I14 < 0, 'depressed breakdown'!I14 + 4, 'depressed breakdown'!I14 + 3) -> 5 | H9: =IF('depressed breakdown'!J14 < 0, 'depressed breakdown'!J14 + 4, 'depressed breakdown'!J14 + 3) -> 4 | I9: =IF('depressed breakdown'!K14 < 0, 'depressed breakdown'!K14 + 4, 'depressed breakdown'!K14 + 3) -> 5 | J9: =IF('depressed breakdown'!L14 < 0, 'depressed breakdown'!L14 + 4, 'depressed breakdown'!L14 + 3) -> 4 | ... R9: =IF('depressed breakdown'!T14 < 0, 'depressed breakdown'!T14 + 4, 'depressed breakdown'!T14 + 3) -> 4
A10: =IF('depressed breakdown'!A15 < 0, 'depressed breakdown'!A15 + 4, 'depressed breakdown'!A15 + 3) -> 4 | B10: =IF('depressed breakdown'!B15 < 0, 'depressed breakdown'!B15 + 4, 'depressed breakdown'!B15 + 3) -> 3 | C10: =IF('depressed breakdown'!E15 < 0, 'depressed breakdown'!E15 + 4, 'depressed breakdown'!E15 + 3) -> 1 | D10: =IF('depressed breakdown'!F15 < 0, 'depressed breakdown'!F15 + 4, 'depressed breakdown'!F15 + 3) -> 5 | E10: =IF('depressed breakdown'!G15 < 0, 'depressed breakdown'!G15 + 4, 'depressed breakdown'!G15 + 3) -> 4 | F10: =IF('depressed breakdown'!H15 < 0, 'depressed breakdown'!H15 + 4, 'depressed breakdown'!H15 + 3) -> 0 | G10: =IF('depressed breakdown'!I15 < 0, 'depressed breakdown'!I15 + 4, 'depressed breakdown'!I15 + 3) -> 4 | H10: =IF('depressed breakdown'!J15 < 0, 'depressed breakdown'!J15 + 4, 'depressed breakdown'!J15 + 3) -> 3 | I10: =IF('depressed breakdown'!K15 < 0, 'depressed breakdown'!K15 + 4, 'depressed breakdown'!K15 + 3) -> 0 | J10: =IF('depressed breakdown'!L15 < 0, 'depressed breakdown'!L15 + 4, 'depressed breakdown'!L15 + 3) -> 2 | ... R10: =IF('depressed breakdown'!T15 < 0, 'depressed breakdown'!T15 + 4, 'depressed breakdown'!T15 + 3) -> 5
A11: =IF('depressed breakdown'!A16 < 0, 'depressed breakdown'!A16 + 4, 'depressed breakdown'!A16 + 3) -> 2 | B11: =IF('depressed breakdown'!B16 < 0, 'depressed breakdown'!B16 + 4, 'depressed breakdown'!B16 + 3) -> 4 | C11: =IF('depressed breakdown'!E16 < 0, 'depressed breakdown'!E16 + 4, 'depressed breakdown'!E16 + 3) -> 0 | D11: =IF('depressed breakdown'!F16 < 0, 'depressed breakdown'!F16 + 4, 'depressed breakdown'!F16 + 3) -> 3 | E11: =IF('depressed breakdown'!G16 < 0, 'depressed breakdown'!G16 + 4, 'depressed breakdown'!G16 + 3) -> 0 | F11: =IF('depressed breakdown'!H16 < 0, 'depressed breakdown'!H16 + 4, 'depressed breakdown'!H16 + 3) -> 0 | G11: =IF('depressed breakdown'!I16 < 0, 'depressed breakdown'!I16 + 4, 'depressed breakdown'!I16 + 3) -> 1 | H11: =IF('depressed breakdown'!J16 < 0, 'depressed breakdown'!J16 + 4, 'depressed breakdown'!J16 + 3) -> 1 | I11: =IF('depressed breakdown'!K16 < 0, 'depressed breakdown'!K16 + 4, 'depressed breakdown'!K16 + 3) -> 3 | J11: =IF('depressed breakdown'!L16 < 0, 'depressed breakdown'!L16 + 4, 'depressed breakdown'!L16 + 3) -> 1 | ... R11: =IF('depressed breakdown'!T16 < 0, 'depressed breakdown'!T16 + 4, 'depressed breakdown'!T16 + 3) -> 0
A12: =IF('depressed breakdown'!A17 < 0, 'depressed breakdown'!A17 + 4, 'depressed breakdown'!A17 + 3) -> 5 | B12: =IF('depressed breakdown'!B17 < 0, 'depressed breakdown'!B17 + 4, 'depressed breakdown'!B17 + 3) -> 3 | C12: =IF('depressed breakdown'!E17 < 0, 'depressed breakdown'!E17 + 4, 'depressed breakdown'!E17 + 3) -> 6 | D12: =IF('depressed breakdown'!F17 < 0, 'depressed breakdown'!F17 + 4, 'depressed breakdown'!F17 + 3) -> 2 | E12: =IF('depressed breakdown'!G17 < 0, 'depressed breakdown'!G17 + 4, 'depressed breakdown'!G17 + 3) -> 4 | F12: =IF('depressed breakdown'!H17 < 0, 'depressed breakdown'!H17 + 4, 'depressed breakdown'!H17 + 3) -> 1 | G12: =IF('depressed breakdown'!I17 < 0, 'depressed breakdown'!I17 + 4, 'depressed breakdown'!I17 + 3) -> 2 | H12: =IF('depressed breakdown'!J17 < 0, 'depressed breakdown'!J17 + 4, 'depressed breakdown'!J17 + 3) -> 0 | I12: =IF('depressed breakdown'!K17 < 0, 'depressed breakdown'!K17 + 4, 'depressed breakdown'!K17 + 3) -> 4 | J12: =IF('depressed breakdown'!L17 < 0, 'depressed breakdown'!L17 + 4, 'depressed breakdown'!L17 + 3) -> 3 | ... R12: =IF('depressed breakdown'!T17 < 0, 'depressed breakdown'!T17 + 4, 'depressed breakdown'!T17 + 3) -> 4
A13: =IF('depressed breakdown'!A18 < 0, 'depressed breakdown'!A18 + 4, 'depressed breakdown'!A18 + 3) -> 5 | B13: =IF('depressed breakdown'!B18 < 0, 'depressed breakdown'!B18 + 4, 'depressed breakdown'!B18 + 3) -> 4 | C13: =IF('depressed breakdown'!E18 < 0, 'depressed breakdown'!E18 + 4, 'depressed breakdown'!E18 + 3) -> 7 | D13: =IF('depressed breakdown'!F18 < 0, 'depressed breakdown'!F18 + 4, 'depressed breakdown'!F18 + 3) -> 5 | E13: =IF('depressed breakdown'!G18 < 0, 'depressed breakdown'!G18 + 4, 'depressed breakdown'!G18 + 3) -> 4 | F13: =IF('depressed breakdown'!H18 < 0, 'depressed breakdown'!H18 + 4, 'depressed breakdown'!H18 + 3) -> 0 | G13: =IF('depressed breakdown'!I18 < 0, 'depressed breakdown'!I18 + 4, 'depressed breakdown'!I18 + 3) -> 5 | H13: =IF('depressed breakdown'!J18 < 0, 'depressed breakdown'!J18 + 4, 'depressed breakdown'!J18 + 3) -> 5 | I13: =IF('depressed breakdown'!K18 < 0, 'depressed breakdown'!K18 + 4, 'depressed breakdown'!K18 + 3) -> 4 | J13: =IF('depressed breakdown'!L18 < 0, 'depressed breakdown'!L18 + 4, 'depressed breakdown'!L18 + 3) -> 6 | ... R13: =IF('depressed breakdown'!T18 < 0, 'depressed breakdown'!T18 + 4, 'depressed breakdown'!T18 + 3) -> 5
... A254: =IF('depressed breakdown'!A259 < 0, 'depressed breakdown'!A259 + 4, 'depressed breakdown'!A259 + 3) -> 2 | B254: =IF('depressed breakdown'!B259 < 0, 'depressed breakdown'!B259 + 4, 'depressed breakdown'!B259 + 3) -> 4 | C254: =IF('depressed breakdown'!E259 < 0, 'depressed breakdown'!E259 + 4, 'depressed breakdown'!E259 + 3) -> 6 | D254: =IF('depressed breakdown'!F259 < 0, 'depressed breakdown'!F259 + 4, 'depressed breakdown'!F259 + 3) -> 5 | E254: =IF('depressed breakdown'!G259 < 0, 'depressed breakdown'!G259 + 4, 'depressed breakdown'!G259 + 3) -> 0 | F254: =IF('depressed breakdown'!H259 < 0, 'depressed breakdown'!H259 + 4, 'depressed breakdown'!H259 + 3) -> 2 | G254: =IF('depressed breakdown'!I259 < 0, 'depressed breakdown'!I259 + 4, 'depressed breakdown'!I259 + 3) -> 4 | H254: =IF('depressed breakdown'!J259 < 0, 'depressed breakdown'!J259 + 4, 'depressed breakdown'!J259 + 3) -> 4 | I254: =IF('depressed breakdown'!K259 < 0, 'depressed breakdown'!K259 + 4, 'depressed breakdown'!K259 + 3) -> 0 | J254: =IF('depressed breakdown'!L259 < 0, 'depressed breakdown'!L259 + 4, 'depressed breakdown'!L259 + 3) -> 6 | ... R254: =IF('depressed breakdown'!T259 < 0, 'depressed breakdown'!T259 + 4, 'depressed breakdown'!T259 + 3) -> 4

Sheet depressed breakdown
A1: 60ec17bbca621383f7703474 | B1: 60fec796f3280a63122a597d | C1: 646eb15ee5446a66e5e5fbd3 | D1: 65b50d83a2e7b807c317fbb2 | E1: 65e07affd71e6eb2a1f2cb79 | F1: 652a36f3aab4f12eaae71984 | G1: 5d53fd59f6d6da00011209c0 | H1: 664ee40a174196c485eb6331 | I1: 5e7a2c8990574006b633ec09 | J1: 6298e97db2a191f24ebb9db1 | K1: 5be5f6a57c137f00017ed225 | L1: 66476157dbf12ebc5578b8da | M1: 573a34f614f69e000d7d670f | N1: 63dadcb85db62398fa0fd383 | O1: 5bd9580fbeca730001cf339b | P1: 5ff637018573f01a703f23f4 | Q1: 5980128635fbf100017d0861 | R1: 65f43b8e7508020158576632 | S1: 6310a577c2072bb8325998b7 | T1: 60aa79fa99f7d53701b02256
A2: 0.77212688 | B2: 0.80690791 | C2: 0.48885434 | D2: 0.10501778 | E2: 0.85579731 | F2: 0.61556329 | G2: 0.7654205 | H2: 0.73313362 | I2: 0.63954129 | J2: 0.8596978 | K2: 0.82746726 | L2: 0.80994847 | M2: 0.57893198 | N2: 0.66290798 | O2: 0.89894005 | P2: 0.86082197 | Q2: 0.60100289 | R2: 0.82779857 | S2: 0.77085929 | T2: 0.75423762
A3: 2.0816279e-10 | B3: 7.4479203e-12 | C3: 0.0004891597 | D3: 0.48235183 | E3: 1.8033162e-14 | F3: 4.1251927e-06 | G3: 3.7009957e-10 | H3: 4.6285003e-09 | I3: 1.3033633e-06 | J3: 1.0157202e-14 | K3: 7.45136e-13 | L3: 5.39308e-12 | M3: 2.0166347e-05 | N3: 3.8391707e-07 | O3: 9.6951442e-18 | P3: 8.5809022e-15 | Q3: 7.9360573e-06 | R3: 7.1624422e-13 | S3: 2.3242511e-10 | T3: 9.2735696e-10
A4: no | B4: no | C4: no | D4: no | E4: no | F4: no | G4: no | H4: no | I4: no | J4: no | K4: yes | L4: yes | M4: no | N4: no | O4: no | P4: no | Q4: yes | R4: no | S4: no | T4: yes
A5: yes | B5: yes | C5: yes | D5: yes | E5: yes | F5: yes | G5: yes | H5: yes | I5: no | J5: yes | K5: no | L5: yes | M5: yes | N5: no | O5: yes | P5: yes | Q5: yes | R5: yes | S5: yes | T5: yes
A6: 24 | B6: 22 | C6: 34 | D6: 30 | E6: 21 | F6: 20 | G6: 34 | H6: 24 | I6: 29 | J6: 31 | K6: 29 | L6: 29 | M6: 21 | N6: 21 | O6: 25 | P6: 34 | Q6: 25 | R6: 28 | S6: 39 | T6: 25
A7: -4 | B7: 3 | C7: -2 | D7: 3 | E7: -2 | F7: 3 | G7: -4 | H7: -4 | I7: -3 | J7: -4 | K7: -3 | L7: -1 | M7: -3 | N7: -2 | O7: -3 | P7: -3 | Q7: -4 | R7: -4 | S7: -4 | T7: -3
A8: -4 | B8: -2 | C8: -2 | D8: -1 | E8: -4 | F8: -1 | G8: -4 | H8: -4 | I8: -4 | J8: -4 | K8: -3 | L8: -3 | M8: 1 | N8: -2 | O8: -3 | P8: -3 | Q8: -4 | R8: -4 | S8: -4 | T8: -4 | V8: less than 0 = +4
A9: 1 | B9: 2 | C9: 3 | D9: -2 | E9: 1 | F9: 1 | G9: -4 | H9: -3 | I9: 1 | J9: -1 | K9: -2 | L9: -4 | M9: -3 | N9: -3 | O9: 4 | P9: 4 | Q9: 2 | R9: 3 | S9: 3 | T9: 2 | V9: more than 0 = +3
A10: 1 | B10: 3 | C10: 3 | D10: 1 | E10: 3 | F10: 3 | G10: 1 | H10: -3 | I10: 2 | J10: 1 | K10: -2 | L10: -1 | M10: 1 | N10: -1 | O10: 3 | P10: 4 | Q10: 2 | R10: 3 | S10: 2 | T10: 2
A11: 2 | B11: 2 | C11: 4 | D11: 2 | E11: 3 | F11: -2 | G11: 1 | H11: -3 | I11: 2 | J11: -3 | K11: 1 | L11: 2 | M11: 3 | N11: 2 | O11: -1 | P11: -2 | Q11: 2 | R11: 2 | S11: 1 | T11: 3
A12: 3 | B12: 3 | C12: 4 | D12: -1 | E12: 3 | F12: 3 | G12: 1 | H12: -2 | I12: 3 | J12: 2 | K12: -2 | L12: 2 | M12: -4 | N12: 1 | O12: 4 | P12: 4 | Q12: 3 | R12: 4 | S12: 4 | T12: 2
A13: -1 | B13: -2 | C13: 2 | D13: -2 | E13: -4 | F13: 2 | G13: -4 | H13: -4 | I13: -3 | J13: -1 | K13: -4 | L13: -3 | M13: -4 | N13: -3 | O13: 1 | P13: 2 | Q13: 2 | R13: -2 | S13: -3 | T13: -2
A14: 3 | B14: 2 | C14: -4 | D14: 3 | E14: 4 | F14: 3 | G14: 1 | H14: -3 | I14: 2 | J14: 1 | K14: 2 | L14: 1 | M14: 4 | N14: -1 | O14: 3 | P14: 4 | Q14: 2 | R14: 2 | S14: 2 | T14: 1
A15: 1 | B15: -1 | C15: 2 | D15: -2 | E15: -3 | F15: 2 | G15: 1 | H15: -4 | I15: 1 | J15: -1 | K15: -4 | L15: -2 | M15: -4 | N15: -2 | O15: 2 | P15: 3 | Q15: 2 | R15: -2 | S15: 1 | T15: 2
A16: -2 | B16: 1 | C16: -2 | D16: -1 | E16: -4 | F16: -1 | G16: -4 | H16: -4 | I16: -3 | J16: -3 | K16: -1 | L16: -3 | M16: 3 | N16: -2 | O16: -4 | P16: -2 | Q16: -4 | R16: -2 | S16: -2 | T16: -4
A17: 2 | B17: -1 | C17: 3 | D17: 3 | E17: 3 | F17: -2 | G17: 1 | H17: -3 | I17: -2 | J17: -4 | K17: 1 | L17: -1 | M17: 2 | N17: 1 | O17: -3 | P17: -3 | Q17: -4 | R17: -2 | S17: 1 | T17: 1
A18: 2 | B18: 1 | C18: -3 | D18: 4 | E18: 4 | F18: 2 | G18: 1 | H18: -4 | I18: 2 | J18: 2 | K18: 1 | L18: 3 | M18: -1 | N18: -1 | O18: 3 | P18: 3 | Q18: 1 | R18: 2 | S18: -1 | T18: 2
A19: -3 | B19: 3 | C19: -4 | D19: -1 | E19: -3 | F19: -2 | G19: -4 | H19: -4 | I19: -3 | J19: -4 | K19: -3 | L19: -1 | M19: 1 | N19: -2 | O19: -1 | P19: -3 | Q19: -2 | R19: -1 | S19: -3 | T19: -3
A20: -3 | B20: 2 | C20: 2 | D20: 1 | E20: -4 | F20: -3 | G20: 1 | H20: -4 | I20: -3 | J20: -4 | K20: -4 | L20: -2 | M20: -4 | N20: -1 | O20: -2 | P20: -2 | Q20: -4 | R20: 2 | S20: -3 | T20: -4
A21: -3 | B21: -1 | C21: -2 | D21: 1 | E21: -4 | F21: -2 | G21: -4 | H21: -4 | I21: -2 | J21: -4 | K21: -3 | L21: -3 | M21: 1 | N21: -2 | O21: -4 | P21: -4 | Q21: -4 | R21: -4 | S21: -4 | T21: 2
... A259: -2 | B259: 1 | C259: -3 | D259: 1 | E259: 3 | F259: 2 | G259: -4 | H259: -2 | I259: 1 | J259: 1 | K259: -4 | L259: 3 | M259: -2 | N259: -2 | O259: 3 | P259: 2 | Q259: 2 | R259: -2 | S259: 1 | T259: 1

Sheet not depressed breakdwon 0-7
A1: 659dac3bd816e89ba953fc4e | B1: 6536d54733fa4e56bc2e56ea | C1: 659dac3bd816e89ba953fc4e | D1: 6536d54733fa4e56bc2e56ea | E1: 656125ea917d5c4c6f1abbc1 | F1: 5e5615d0581a0c60e87bd8e3 | G1: 65bade0a91788b31ffd1ff07 | H1: 65a46bd1df11a18ab8055107 | I1: 66467a87a8b03b4b8a44eb4e | J1: 64ee781f5dc76161439ddc5b | K1: 6580dec45b239cf2fbe94132 | L1: 614e65edaccea7bee04b8ad8 | M1: 651f35be1781043feebd3069 | N1: 6543af72769aacc0bf14521e | O1: 5a847fd2aa46dd00016ba03c | P1: 6382fb2d4491743d4f8095aa | Q1: 65c012194204e134cfb24dd6 | R1: 634d7398662c6fe8321aa554 | S1: 59e7276d5de9b000017ed1c1 | T1: 604541676af7216614098dde | U1: 66475da4c114524bc2912352 | V1: 6458fe267afe71c7aa4de260 | W1: 62729ff6b6e5922c7cc5f2dd | X1: 6658cac52f184dccfa543511 | Y1: 5dd7f591ad0a617838322129 | Z1: 662fb45148dc640c520e5272 | AA1: 5e9b60ab511e7a0650994050 | AB1: 62d138e361857aef127c9e8b | AC1: 65f05cb1f67d322409d6cfbf | AD1: 6659d6399e4c463086214f01 | AE1: 5cf806142780ca001a9d5cee | AF1: 629ee9680199e14b1bfafaf3 | AG1: 5718cf36dd9ef10013e03e14 | AH1: 5ddac93016d10ca2991f7dbf | AI1: 602a2911a73ba046955f6c58 | AJ1: 5fb7ede2a2e58b4413cadee4 | AK1: 5d791761790bf400014122ec | AL1: dud | AM1: 5db41a3f9ca75a000b71110c | AN1: 5ee27217fd7c7c72eb755cbe | AO1: 5e48cf0cb26b0535ccd6783b | AP1: 663cce090cbab87a77756fd6 | AQ1: 627448a7458cf55c0cdea3bb | AR1: 5f160514e2a4062d2a0ded58 | AS1: 665ec4e20d26bf359051fe13 | AT1: 5c4594514fe4f800016ea070 | AU1: 652fda184a4ad2f1e8517e82 | AV1: 62eac867210f0e2e8d322d44
A2: =IF('not depressed breakdown'!C8 < 0, 'not depressed breakdown'!C8 + 4, 'not depressed breakdown'!C8 + 3) -> 0 | C2: =IF('not depressed breakdown'!C8 < 0, 'not depressed breakdown'!C8 + 4, 'not depressed breakdown'!C8 + 3) -> 0 | D2: =IF('not depressed breakdown'!D8 < 0, 'not depressed breakdown'!D8 + 4, 'not depressed breakdown'!D8 + 3) -> 0 | E2: =IF('not depressed breakdown'!E8 < 0, 'not depressed breakdown'!E8 + 4, 'not depressed breakdown'!E8 + 3) -> 1 | F2: =IF('not depressed breakdown'!F8 < 0, 'not depressed breakdown'!F8 + 4, 'not depressed breakdown'!F8 + 3) -> 1 | G2: =IF('not depressed breakdown'!G8 < 0, 'not depressed breakdown'!G8 + 4, 'not depressed breakdown'!G8 + 3) -> 1 | H2: =IF('not depressed breakdown'!H8 < 0, 'not depressed breakdown'!H8 + 4, 'not depressed breakdown'!H8 + 3) -> 7 | I2: =IF('not depressed breakdown'!I8 < 0, 'not depressed breakdown'!I8 + 4, 'not depressed breakdown'!I8 + 3) -> 2 | J2: =IF('not depressed breakdown'!J8 < 0, 'not depressed breakdown'!J8 + 4, 'not depressed breakdown'!J8 + 3) -> 1 | ... AV2: =IF('not depressed breakdown'!AV8 < 0, 'not depressed breakdown'!AV8 + 4, 'not depressed breakdown'!AV8 + 3) -> 3
C3: =IF('not depressed breakdown'!C9 < 0, 'not depressed breakdown'!C9 + 4, 'not depressed breakdown'!C9 + 3) -> 0 | D3: =IF('not depressed breakdown'!D9 < 0, 'not depressed breakdown'!D9 + 4, 'not depressed breakdown'!D9 + 3) -> 1 | E3: =IF('not depressed breakdown'!E9 < 0, 'not depressed breakdown'!E9 + 4, 'not depressed breakdown'!E9 + 3) -> 0 | F3: =IF('not depressed breakdown'!F9 < 0, 'not depressed breakdown'!F9 + 4, 'not depressed breakdown'!F9 + 3) -> 1 | G3: =IF('not depressed breakdown'!G9 < 0, 'not depressed breakdown'!G9 + 4, 'not depressed breakdown'!G9 + 3) -> 0 | H3: =IF('not depressed breakdown'!H9 < 0, 'not depressed breakdown'!H9 + 4, 'not depressed breakdown'!H9 + 3) -> 0 | I3: =IF('not depressed breakdown'!I9 < 0, 'not depressed breakdown'!I9 + 4, 'not depressed breakdown'!I9 + 3) -> 5 | J3: =IF('not depressed breakdown'!J9 < 0, 'not depressed breakdown'!J9 + 4, 'not depressed breakdown'!J9 + 3) -> 4 | ... AV3: =IF('not depressed breakdown'!AV9 < 0, 'not depressed breakdown'!AV9 + 4, 'not depressed breakdown'!AV9 + 3) -> 6
C4: =IF('not depressed breakdown'!C10 < 0, 'not depressed breakdown'!C10 + 4, 'not depressed breakdown'!C10 + 3) -> 1 | D4: =IF('not depressed breakdown'!D10 < 0, 'not depressed breakdown'!D10 + 4, 'not depressed breakdown'!D10 + 3) -> 2 | E4: =IF('not depressed breakdown'!E10 < 0, 'not depressed breakdown'!E10 + 4, 'not depressed breakdown'!E10 + 3) -> 4 | F4: =IF('not depressed breakdown'!F10 < 0, 'not depressed breakdown'!F10 + 4, 'not depressed breakdown'!F10 + 3) -> 3 | G4: =IF('not depressed breakdown'!G10 < 0, 'not depressed breakdown'!G10 + 4, 'not depressed breakdown'!G10 + 3) -> 0 | H4: =IF('not depressed breakdown'!H10 < 0, 'not depressed breakdown'!H10 + 4, 'not depressed breakdown'!H10 + 3) -> 7 | I4: =IF('not depressed breakdown'!I10 < 0, 'not depressed breakdown'!I10 + 4, 'not depressed breakdown'!I10 + 3) -> 0 | J4: =IF('not depressed breakdown'!J10 < 0, 'not depressed breakdown'!J10 + 4, 'not depressed breakdown'!J10 + 3) -> 6 | ... AV4: =IF('not depressed breakdown'!AV10 < 0, 'not depressed breakdown'!AV10 + 4, 'not depressed breakdown'!AV10 + 3) -> 6
C5: =IF('not depressed breakdown'!C11 < 0, 'not depressed breakdown'!C11 + 4, 'not depressed breakdown'!C11 + 3) -> 0 | D5: =IF('not depressed breakdown'!D11 < 0, 'not depressed breakdown'!D11 + 4, 'not depressed breakdown'!D11 + 3) -> 1 | E5: =IF('not depressed breakdown'!E11 < 0, 'not depressed breakdown'!E11 + 4, 'not depressed breakdown'!E11 + 3) -> 3 | F5: =IF('not depressed breakdown'!F11 < 0, 'not depressed breakdown'!F11 + 4, 'not depressed breakdown'!F11 + 3) -> 3 | G5: =IF('not depressed breakdown'!G11 < 0, 'not depressed breakdown'!G11 + 4, 'not depressed breakdown'!G11 + 3) -> 4 | H5: =IF('not depressed breakdown'!H11 < 0, 'not depressed breakdown'!H11 + 4, 'not depressed breakdown'!H11 + 3) -> 7 | I5: =IF('not depressed breakdown'!I11 < 0, 'not depressed breakdown'!I11 + 4, 'not depressed breakdown'!I11 + 3) -> 1 | J5: =IF('not depressed breakdown'!J11 < 0, 'not depressed breakdown'!J11 + 4, 'not depressed breakdown'!J11 + 3) -> 6 | ... AV5: =IF('not depressed breakdown'!AV11 < 0, 'not depressed breakdown'!AV11 + 4, 'not depressed breakdown'!AV11 + 3) -> 6
C6: =IF('not depressed breakdown'!C12 < 0, 'not depressed breakdown'!C12 + 4, 'not depressed breakdown'!C12 + 3) -> 2 | D6: =IF('not depressed breakdown'!D12 < 0, 'not depressed breakdown'!D12 + 4, 'not depressed breakdown'!D12 + 3) -> 5 | E6: =IF('not depressed breakdown'!E12 < 0, 'not depressed breakdown'!E12 + 4, 'not depressed breakdown'!E12 + 3) -> 0 | F6: =IF('not depressed breakdown'!F12 < 0, 'not depressed breakdown'!F12 + 4, 'not depressed breakdown'!F12 + 3) -> 3 | G6: =IF('not depressed breakdown'!G12 < 0, 'not depressed breakdown'!G12 + 4, 'not depressed breakdown'!G12 + 3) -> 1 | H6: =IF('not depressed breakdown'!H12 < 0, 'not depressed breakdown'!H12 + 4, 'not depressed breakdown'!H12 + 3) -> 7 | I6: =IF('not depressed breakdown'!I12 < 0, 'not depressed breakdown'!I12 + 4, 'not depressed breakdown'!I12 + 3) -> 6 | J6: =IF('not depressed breakdown'!J12 < 0, 'not depressed breakdown'!J12 + 4, 'not depressed breakdown'!J12 + 3) -> 5 | ... AV6: =IF('not depressed breakdown'!AV12 < 0, 'not depressed breakdown'!AV12 + 4, 'not depressed breakdown'!AV12 + 3) -> 3
C7: =IF('not depressed breakdown'!C13 < 0, 'not depressed breakdown'!C13 + 4, 'not depressed breakdown'!C13 + 3) -> 1 | D7: =IF('not depressed breakdown'!D13 < 0, 'not depressed breakdown'!D13 + 4, 'not depressed breakdown'!D13 + 3) -> 4 | E7: =IF('not depressed breakdown'!E13 < 0, 'not depressed breakdown'!E13 + 4, 'not depressed breakdown'!E13 + 3) -> 6 | F7: =IF('not depressed breakdown'!F13 < 0, 'not depressed breakdown'!F13 + 4, 'not depressed breakdown'!F13 + 3) -> 3 | G7: =IF('not depressed breakdown'!G13 < 0, 'not depressed breakdown'!G13 + 4, 'not depressed breakdown'!G13 + 3) -> 4 | H7: =IF('not depressed breakdown'!H13 < 0, 'not depressed breakdown'!H13 + 4, 'not depressed breakdown'!H13 + 3) -> 7 | I7: =IF('not depressed breakdown'!I13 < 0, 'not depressed breakdown'!I13 + 4, 'not depressed breakdown'!I13 + 3) -> 5 | J7: =IF('not depressed breakdown'!J13 < 0, 'not depressed breakdown'!J13 + 4, 'not depressed breakdown'!J13 + 3) -> 6 | ... AV7: =IF('not depressed breakdown'!AV13 < 0, 'not depressed breakdown'!AV13 + 4, 'not depressed breakdown'!AV13 + 3) -> 6
C8: =IF('not depressed breakdown'!C14 < 0, 'not depressed breakdown'!C14 + 4, 'not depressed breakdown'!C14 + 3) -> 0 | D8: =IF('not depressed breakdown'!D14 < 0, 'not depressed breakdown'!D14 + 4, 'not depressed breakdown'!D14 + 3) -> 0 | E8: =IF('not depressed breakdown'!E14 < 0, 'not depressed breakdown'!E14 + 4, 'not depressed breakdown'!E14 + 3) -> 1 | F8: =IF('not depressed breakdown'!F14 < 0, 'not depressed breakdown'!F14 + 4, 'not depressed breakdown'!F14 + 3) -> 2 | G8: =IF('not depressed breakdown'!G14 < 0, 'not depressed breakdown'!G14 + 4, 'not depressed breakdown'!G14 + 3) -> 5 | H8: =IF('not depressed breakdown'!H14 < 0, 'not depressed breakdown'!H14 + 4, 'not depressed breakdown'!H14 + 3) -> 0 | I8: =IF('not depressed breakdown'!I14 < 0, 'not depressed breakdown'!I14 + 4, 'not depressed breakdown'!I14 + 3) -> 1 | J8: =IF('not depressed breakdown'!J14 < 0, 'not depressed breakdown'!J14 + 4, 'not depressed breakdown'!J14 + 3) -> 1 | ... AV8: =IF('not depressed breakdown'!AV14 < 0, 'not depressed breakdown'!AV14 + 4, 'not depressed breakdown'!AV14 + 3) -> 2
C9: =IF('not depressed breakdown'!C15 < 0, 'not depressed breakdown'!C15 + 4, 'not depressed breakdown'!C15 + 3) -> 5 | D9: =IF('not depressed breakdown'!D15 < 0, 'not depressed breakdown'!D15 + 4, 'not depressed breakdown'!D15 + 3) -> 2 | E9: =IF('not depressed breakdown'!E15 < 0, 'not depressed breakdown'!E15 + 4, 'not depressed breakdown'!E15 + 3) -> 5 | F9: =IF('not depressed breakdown'!F15 < 0, 'not depressed breakdown'!F15 + 4, 'not depressed breakdown'!F15 + 3) -> 4 | G9: =IF('not depressed breakdown'!G15 < 0, 'not depressed breakdown'!G15 + 4, 'not depressed breakdown'!G15 + 3) -> 6 | H9: =IF('not depressed breakdown'!H15 < 0, 'not depressed breakdown'!H15 + 4, 'not depressed breakdown'!H15 + 3) -> 7 | I9: =IF('not depressed breakdown'!I15 < 0, 'not depressed breakdown'!I15 + 4, 'not depressed breakdown'!I15 + 3) -> 4 | J9: =IF('not depressed breakdown'!J15 < 0, 'not depressed breakdown'!J15 + 4, 'not depressed breakdown'!J15 + 3) -> 6 | ... AV9: =IF('not depressed breakdown'!AV15 < 0, 'not depressed breakdown'!AV15 + 4, 'not depressed breakdown'!AV15 + 3) -> 6
C10: =IF('not depressed breakdown'!C16 < 0, 'not depressed breakdown'!C16 + 4, 'not depressed breakdown'!C16 + 3) -> 1 | D10: =IF('not depressed breakdown'!D16 < 0, 'not depressed breakdown'!D16 + 4, 'not depressed breakdown'!D16 + 3) -> 1 | E10: =IF('not depressed breakdown'!E16 < 0, 'not depressed breakdown'!E16 + 4, 'not depressed breakdown'!E16 + 3) -> 2 | F10: =IF('not depressed breakdown'!F16 < 0, 'not depressed breakdown'!F16 + 4, 'not depressed breakdown'!F16 + 3) -> 3 | G10: =IF('not depressed breakdown'!G16 < 0, 'not depressed breakdown'!G16 + 4, 'not depressed breakdown'!G16 + 3) -> 4 | H10: =IF('not depressed breakdown'!H16 < 0, 'not depressed breakdown'!H16 + 4, 'not depressed breakdown'!H16 + 3) -> 0 | I10: =IF('not depressed breakdown'!I16 < 0, 'not depressed breakdown'!I16 + 4, 'not depressed breakdown'!I16 + 3) -> 1 | J10: =IF('not depressed breakdown'!J16 < 0, 'not depressed breakdown'!J16 + 4, 'not depressed breakdown'!J16 + 3) -> 5 | ... AV10: =IF('not depressed breakdown'!AV16 < 0, 'not depressed breakdown'!AV16 + 4, 'not depressed breakdown'!AV16 + 3) -> 5
C11: =IF('not depressed breakdown'!C17 < 0, 'not depressed breakdown'!C17 + 4, 'not depressed breakdown'!C17 + 3) -> 0 | D11: =IF('not depressed breakdown'!D17 < 0, 'not depressed breakdown'!D17 + 4, 'not depressed breakdown'!D17 + 3) -> 0 | E11: =IF('not depressed breakdown'!E17 < 0, 'not depressed breakdown'!E17 + 4, 'not depressed breakdown'!E17 + 3) -> 0 | F11: =IF('not depressed breakdown'!F17 < 0, 'not depressed breakdown'!F17 + 4, 'not depressed breakdown'!F17 + 3) -> 2 | G11: =IF('not depressed breakdown'!G17 < 0, 'not depressed breakdown'!G17 + 4, 'not depressed breakdown'!G17 + 3) -> 1 | H11: =IF('not depressed breakdown'!H17 < 0, 'not depressed breakdown'!H17 + 4, 'not depressed breakdown'!H17 + 3) -> 0 | I11: =IF('not depressed breakdown'!I17 < 0, 'not depressed breakdown'!I17 + 4, 'not depressed breakdown'!I17 + 3) -> 1 | J11: =IF('not depressed breakdown'!J17 < 0, 'not depressed breakdown'!J17 + 4, 'not depressed breakdown'!J17 + 3) -> 1 | ... AV11: =IF('not depressed breakdown'!AV17 < 0, 'not depressed breakdown'!AV17 + 4, 'not depressed breakdown'!AV17 + 3) -> 3
C12: =IF('not depressed breakdown'!C18 < 0, 'not depressed breakdown'!C18 + 4, 'not depressed breakdown'!C18 + 3) -> 2 | D12: =IF('not depressed breakdown'!D18 < 0, 'not depressed breakdown'!D18 + 4, 'not depressed breakdown'!D18 + 3) -> 4 | E12: =IF('not depressed breakdown'!E18 < 0, 'not depressed breakdown'!E18 + 4, 'not depressed breakdown'!E18 + 3) -> 2 | F12: =IF('not depressed breakdown'!F18 < 0, 'not depressed breakdown'!F18 + 4, 'not depressed breakdown'!F18 + 3) -> 3 | G12: =IF('not depressed breakdown'!G18 < 0, 'not depressed breakdown'!G18 + 4, 'not depressed breakdown'!G18 + 3) -> 1 | H12: =IF('not depressed breakdown'!H18 < 0, 'not depressed breakdown'!H18 + 4, 'not depressed breakdown'!H18 + 3) -> 0 | I12: =IF('not depressed breakdown'!I18 < 0, 'not depressed breakdown'!I18 + 4, 'not depressed breakdown'!I18 + 3) -> 5 | J12: =IF('not depressed breakdown'!J18 < 0, 'not depressed breakdown'!J18 + 4, 'not depressed breakdown'!J18 + 3) -> 5 | ... AV12: =IF('not depressed breakdown'!AV18 < 0, 'not depressed breakdown'!AV18 + 4, 'not depressed breakdown'!AV18 + 3) -> 3
C13: =IF('not depressed breakdown'!C19 < 0, 'not depressed breakdown'!C19 + 4, 'not depressed breakdown'!C19 + 3) -> 5 | D13: =IF('not depressed breakdown'!D19 < 0, 'not depressed breakdown'!D19 + 4, 'not depressed breakdown'!D19 + 3) -> 2 | E13: =IF('not depressed breakdown'!E19 < 0, 'not depressed breakdown'!E19 + 4, 'not depressed breakdown'!E19 + 3) -> 4 | F13: =IF('not depressed breakdown'!F19 < 0, 'not depressed breakdown'!F19 + 4, 'not depressed breakdown'!F19 + 3) -> 4 | G13: =IF('not depressed breakdown'!G19 < 0, 'not depressed breakdown'!G19 + 4, 'not depressed breakdown'!G19 + 3) -> 4 | H13: =IF('not depressed breakdown'!H19 < 0, 'not depressed breakdown'!H19 + 4, 'not depressed breakdown'!H19 + 3) -> 1 | I13: =IF('not depressed breakdown'!I19 < 0, 'not depressed breakdown'!I19 + 4, 'not depressed breakdown'!I19 + 3) -> 2 | J13: =IF('not depressed breakdown'!J19 < 0, 'not depressed breakdown'!J19 + 4, 'not depressed breakdown'!J19 + 3) -> 2 | ... AV13: =IF('not depressed breakdown'!AV19 < 0, 'not depressed breakdown'!AV19 + 4, 'not depressed breakdown'!AV19 + 3) -> 2
C14: =IF('not depressed breakdown'!C20 < 0, 'not depressed breakdown'!C20 + 4, 'not depressed breakdown'!C20 + 3) -> 0 | D14: =IF('not depressed breakdown'!D20 < 0, 'not depressed breakdown'!D20 + 4, 'not depressed breakdown'!D20 + 3) -> 2 | E14: =IF('not depressed breakdown'!E20 < 0, 'not depressed breakdown'!E20 + 4, 'not depressed breakdown'!E20 + 3) -> 4 | F14: =IF('not depressed breakdown'!F20 < 0, 'not depressed breakdown'!F20 + 4, 'not depressed breakdown'!F20 + 3) -> 1 | G14: =IF('not depressed breakdown'!G20 < 0, 'not depressed breakdown'!G20 + 4, 'not depressed breakdown'!G20 + 3) -> 1 | H14: =IF('not depressed breakdown'!H20 < 0, 'not depressed breakdown'!H20 + 4, 'not depressed breakdown'!H20 + 3) -> 1 | I14: =IF('not depressed breakdown'!I20 < 0, 'not depressed breakdown'!I20 + 4, 'not depressed breakdown'!I20 + 3) -> 4 | J14: =IF('not depressed breakdown'!J20 < 0, 'not depressed breakdown'!J20 + 4, 'not depressed breakdown'!J20 + 3) -> 5 | ... AV14: =IF('not depressed breakdown'!AV20 < 0, 'not depressed breakdown'!AV20 + 4, 'not depressed breakdown'!AV20 + 3) -> 5
... C254: =IF('not depressed breakdown'!C260 < 0, 'not depressed breakdown'!C260 + 4, 'not depressed breakdown'!C260 + 3) -> 4 | D254: =IF('not depressed breakdown'!D260 < 0, 'not depressed breakdown'!D260 + 4, 'not depressed breakdown'!D260 + 3) -> 1 | E254: =IF('not depressed breakdown'!E260 < 0, 'not depressed breakdown'!E260 + 4, 'not depressed breakdown'!E260 + 3) -> 1 | F254: =IF('not depressed breakdown'!F260 < 0, 'not depressed breakdown'!F260 + 4, 'not depressed breakdown'!F260 + 3) -> 3 | G254: =IF('not depressed breakdown'!G260 < 0, 'not depressed breakdown'!G260 + 4, 'not depressed breakdown'!G260 + 3) -> 4 | H254: =IF('not depressed breakdown'!H260 < 0, 'not depressed breakdown'!H260 + 4, 'not depressed breakdown'!H260 + 3) -> 5 | I254: =IF('not depressed breakdown'!I260 < 0, 'not depressed breakdown'!I260 + 4, 'not depressed breakdown'!I260 + 3) -> 1 | J254: =IF('not depressed breakdown'!J260 < 0, 'not depressed breakdown'!J260 + 4, 'not depressed breakdown'!J260 + 3) -> 1 | ... AV254: =IF('not depressed breakdown'!AV260 < 0, 'not depressed breakdown'!AV260 + 4, 'not depressed breakdown'!AV260 + 3) -> 1

Sheet not depressed breakdown
A1: 2024-06-27_16h13.19.291 | B1: 2024-06-27_16h04.55.171 | C1: 2024-06-27_16h00.12.154 | D1: 2024-06-27_15h58.42.249 | E1: 2024-06-27_15h57.23.113 | F1: 2024-06-27_15h56.18.943 | G1: 2024-06-27_15h56.12.905 | H1: 2024-06-27_15h56.12.134 | I1: 2024-06-27_15h56.04.860 | J1: 2024-06-27_15h55.48.850 | K1: 2024-06-27_15h34.57.344 | L1: 2024-06-27_13h57.39.859 | M1: 2024-06-27_13h56.14.799 | N1: 2024-06-27_09h03.09.917 | O1: 2024-06-27_08h06.57.957 | P1: 2024-06-27_07h52.10.769 | Q1: 2024-06-27_07h19.54.960 | R1: 2024-06-27_07h07.19.706 | S1: 2024-06-27_07h06.22.909 | T1: 2024-06-27_07h03.20.291 | U1: 2024-06-27_07h02.45.670 | V1: 2024-06-27_07h00.21.755 | W1: 2024-06-27_07h00.19.180 | X1: 2024-06-27_07h00.09.040 | Y1: 2024-06-27_07h00.08.660 | Z1: 2024-06-27_07h00.01.614 | AA1: 2024-06-27_06h59.53.082 | AB1: 2024-06-27_06h59.39.686 | AC1: 2024-06-27_06h59.23.889 | AD1: 2024-06-27_06h59.09.191 | AE1: 2024-06-27_06h58.26.388 | AF1: 2024-06-27_06h57.32.308 | AG1: 2024-06-27_06h57.09.836 | AH1: 2024-06-27_06h56.58.114 | AI1: 2024-06-27_06h56.25.885 | AJ1: 2024-06-27_06h56.24.205 | AK1: 2024-06-27_06h56.13.287 | AL1: 2024-06-27_06h56.13.232 | AM1: 2024-06-27_06h56.10.745 | AN1: 2024-06-27_06h56.03.332 | AO1: 2024-06-27_06h55.26.211 | AP1: 2024-06-26_23h13.41.226 | AQ1: 2024-06-26_23h00.38.238 | AR1: 2024-06-19_09h53.33.768 | AS1: 2024-06-19_09h38.42.734 | AT1: 2024-06-19_09h30.28.532 | AU1: 2024-06-19_09h30.20.995 | AV1: 2024-06-19_09h29.58.612
A2: 608254e72addda3937fd934b | B2: 65a5decb6545ad77deeaf1cb | C2: 659dac3bd816e89ba953fc4e | D2: 6536d54733fa4e56bc2e56ea | E2: 656125ea917d5c4c6f1abbc1 | F2: 5e5615d0581a0c60e87bd8e3 | G2: 65bade0a91788b31ffd1ff07 | H2: 65a46bd1df11a18ab8055107 | I2: 66467a87a8b03b4b8a44eb4e | J2: 64ee781f5dc76161439ddc5b | K2: 6580dec45b239cf2fbe94132 | L2: 614e65edaccea7bee04b8ad8 | M2: 651f35be1781043feebd3069 | N2: 6543af72769aacc0bf14521e | O2: 5a847fd2aa46dd00016ba03c | P2: 6382fb2d4491743d4f8095aa | Q2: 65c012194204e134cfb24dd6 | R2: 634d7398662c6fe8321aa554 | S2: 59e7276d5de9b000017ed1c1 | T2: 604541676af7216614098dde | U2: 66475da4c114524bc2912352 | V2: 6458fe267afe71c7aa4de260 | W2: 62729ff6b6e5922c7cc5f2dd | X2: 6658cac52f184dccfa543511 | Y2: 5dd7f591ad0a617838322129 | Z2: 662fb45148dc640c520e5272 | AA2: 5e9b60ab511e7a0650994050 | AB2: 62d138e361857aef127c9e8b | AC2: 65f05cb1f67d322409d6cfbf | AD2: 6659d6399e4c463086214f01 | AE2: 5cf806142780ca001a9d5cee | AF2: 629ee9680199e14b1bfafaf3 | AG2: 5718cf36dd9ef10013e03e14 | AH2: 5ddac93016d10ca2991f7dbf | AI2: 602a2911a73ba046955f6c58 | AJ2: 5fb7ede2a2e58b4413cadee4 | AK2: 5d791761790bf400014122ec | AL2: dud | AM2: 5db41a3f9ca75a000b71110c | AN2: 5ee27217fd7c7c72eb755cbe | AO2: 5e48cf0cb26b0535ccd6783b | AP2: 663cce090cbab87a77756fd6 | AQ2: 627448a7458cf55c0cdea3bb | AR2: 5f160514e2a4062d2a0ded58 | AS2: 665ec4e20d26bf359051fe13 | AT2: 5c4594514fe4f800016ea070 | AU2: 652fda184a4ad2f1e8517e82 | AV2: 62eac867210f0e2e8d322d44
A3: 0.462412 | B3: 0.44643 | C3: 0.65961946 | D3: 0.59241652 | E3: 0.79550077 | F3: 0.80764755 | G3: -0.10662706 | H3: 0.75890522 | I3: 0.82470818 | J3: 0.83102921 | K3: 0.42439156 | L3: 0.38041765 | M3: 0.80806241 | N3: 0.82363735 | O3: 0.73212677 | P3: 0.63219968 | Q3: 0.55606475 | R3: 0.82763776 | S3: 0.78290423 | T3: 0.77081438 | V3: 0.82279243 | W3: 0.96720798 | Y3: 0.87525064 | Z3: 0.73559847 | AA3: 0.67879845 | AB3: 0.71032473 | AC3: 0.58910578 | AD3: 0.84754156 | AE3: 0.80648021 | AF3: 0.88585831 | AG3: -0.036898019 | AH3: 0.97090076 | AI3: 0.82292402 | AJ3: 0.72703453 | AK3: 0.72963887 | AN3: 0.97019642 | AO3: 0.71842855 | AP3: 0.44695522 | AQ3: 0.53004794 | AR3: 0.78385538 | AS3: 0.61699758 | AT3: 0.84216162 | AU3: 0.61437095 | AV3: 0.70158626
A4: 0.001066 | B4: 0.001658214 | C4: 4.5891543e-07 | D4: 1.1500665e-05 | E4: 2.3812621e-11 | F4: 6.8890373e-12 | G4: 0.47562809 | H4: 6.3583953e-10 | I4: 1.0324374e-12 | J4: 4.8490934e-13 | K4: 0.0029483831 | L4: 0.0083452026 | M4: 6.593164e-12 | N4: 1.1699564e-12 | O4: 4.9786606e-09 | P4: 1.874073e-06 | Q4: 4.9477771e-05 | R4: 7.301332e-13 | S4: 7.917527e-11 | T4: 2.3333173e-10 | V4: 1.2905127e-12 | W4: 2.0099312e-28 | Y4: 8.5645935e-16 | Z4: 3.8663663e-09 | AA4: 1.5700329e-07 | AB4: 2.2391289e-08 | AC4: 1.3231847e-05 | AD4: 5.7608148e-14 | AE4: 7.7903643e-12 | AF4: 1.3016881e-16 | AG4: 0.80550245 | AH4: 1.4206322e-29 | AI4: 1.2709949e-12 | AJ4: 7.1641522e-09 | AK4: 5.9535104e-09 | AN4: 2.4154063e-29 | AO4: 1.3015338e-08 | AP4: 0.0016351621 | AQ4: 0.0001272094 | AR4: 7.2510692e-11 | AS4: 3.8608047e-06 | AT4: 1.184326e-13 | AU4: 4.3576265e-06 | AV4: 3.9391231e-08
A5: no | B5: no | C5: no | D5: no | E5: no | F5: no | G5: no | H5: yes | I5: no | J5: no | K5: no | L5: no | M5: no | N5: no | O5: no | P5: no | Q5: no | R5: no | S5: no | T5: no | V5: no | W5: no | Y5: no | Z5: no | AA5: no | AB5: no | AC5: no | AD5: no | AE5: no | AF5: no | AG5: no | AH5: no | AI5: yes | AJ5: no | AK5: no | AN5: no | AO5: no | AP5: no | AQ5: no | AR5: no | AS5: no | AT5: no | AU5: no | AV5: no
A6: yes | B6: no | C6: yes | D6: no | E6: yes | F6: yes | G6: yes | H6: yes | I6: yes | J6: yes | K6: yes | L6: yes | M6: yes | N6: yes | O6: yes | P6: yes | Q6: yes | R6: yes | S6: yes | T6: yes | V6: yes | W6: yes | Y6: yes | Z6: yes | AA6: yes | AB6: yes | AC6: yes | AD6: yes | AE6: yes | AF6: yes | AG6: yes | AH6: no | AI6: yes | AJ6: yes | AK6: no | AN6: yes | AO6: no | AP6: yes | AQ6: yes | AR6: yes | AS6: yes | AT6: yes | AU6: yes | AV6: yes
A7: 0 | B7: 13 | C7: 11 | D7: 13 | E7: 11 | F7: 9 | G7: 5 | H7: 5 | I7: 5 | J7: 9 | K7: 3 | L7: 1 | M7: 0 | N7: 1 | O7: 10 | P7: 0 | Q7: 0 | R7: 2 | S7: 1 | T7: 10 | V7: 1 | W7: 0 | Y7: 18 | Z7: 9 | AA7: 0 | AB7: 6 | AC7: 0 | AD7: 7 | AE7: 0 | AF7: 0 | AG7: 1 | AH7: 0 | AI7: 10 | AJ7: 6 | AK7: 16 | AN7: 0 | AO7: 19 | AP7: 0 | AQ7: 3 | AR7: 18 | AS7: 0 | AT7: 7 | AU7: 7 | AV7: 12
A8: -3 | B8: -4 | C8: -4 | D8: -4 | E8: -3 | F8: -3 | G8: -3 | H8: 4 | I8: -2 | J8: -3 | K8: -4 | L8: -3 | M8: -3 | N8: -4 | O8: -3 | P8: -3 | Q8: -4 | R8: 2 | S8: 1 | T8: -4 | U8: -3 | V8: -1 | W8: -4 | X8: -1 | Y8: -3 | Z8: -2 | AA8: -1 | AB8: -4 | AC8: -4 | AD8: -3 | AE8: -3 | AF8: -4 | AG8: -3 | AH8: -2 | AI8: -2 | AJ8: -1 | AK8: -4 | AL8: -2 | AM8: 1 | AN8: -4 | AO8: -3 | AP8: 2 | AQ8: -4 | AR8: -4 | AS8: -4 | AT8: -3 | AU8: -3 | AV8: -1
A9: -3 | B9: -4 | C9: -4 | D9: -3 | E9: -4 | F9: -3 | G9: -4 | H9: -4 | I9: 2 | J9: 1 | K9: -4 | L9: -3 | M9: 2 | N9: -4 | O9: -4 | P9: -3 | Q9: -4 | R9: 1 | S9: -3 | T9: -4 | U9: -2 | V9: 1 | W9: -4 | X9: -1 | Y9: -2 | Z9: -3 | AA9: -3 | AB9: -2 | AC9: -2 | AD9: -3 | AE9: -3 | AF9: -3 | AG9: -3 | AH9: -2 | AI9: -3 | AJ9: -2 | AK9: -4 | AL9: -2 | AM9: 1 | AN9: -4 | AO9: 2 | AP9: -1 | AQ9: -3 | AR9: -3 | AS9: -4 | AT9: -1 | AU9: 1 | AV9: 3
A10: -1 | B10: -4 | C10: -3 | D10: -2 | E10: 1 | F10: -1 | G10: -4 | H10: 4 | I10: -4 | J10: 3 | K10: -4 | L10: 2 | M10: 2 | N10: -2 | O10: 2 | P10: 1 | Q10: 4 | R10: -2 | S10: 1 | T10: 1 | U10: 4 | V10: 1 | W10: 4 | X10: 1 | Y10: 3 | Z10: -1 | AA10: 2 | AB10: 3 | AC10: -2 | AD10: 4 | AE10: 4 | AF10: -2 | AG10: -3 | AH10: 4 | AI10: -1 | AJ10: -2 | AK10: 1 | AL10: -3 | AM10: 2 | AN10: 3 | AO10: 1 | AP10: -4 | AQ10: 3 | AR10: 2 | AS10: -1 | AT10: 2 | AU10: -3 | AV10: 3
A11: 1 | B11: -3 | C11: -4 | D11: -3 | E11: -1 | F11: -1 | G11: 1 | H11: 4 | I11: -3 | J11: 3 | K11: -4 | L11: 2 | M11: 3 | N11: 3 | O11: 2 | P11: -3 | Q11: 2 | R11: 2 | S11: 2 | T11: 1 | U11: 4 | V11: 1 | W11: 4 | X11: 1 | Y11: 3 | Z11: -1 | AA11: 2 | AB11: 3 | AC11: -3 | AD11: 4 | AE11: 4 | AF11: 1 | AG11: -3 | AH11: 4 | AI11: 2 | AJ11: -1 | AK11: 1 | AL11: 1 | AM11: 2 | AN11: 3 | AO11: 1 | AP11: -4 | AQ11: 3 | AR11: 1 | AS11: -2 | AT11: -2 | AU11: 2 | AV11: 3
A12: -2 | B12: 1 | C12: -2 | D12: 2 | E12: -4 | F12: -1 | G12: -3 | H12: 4 | I12: 3 | J12: 2 | K12: -4 | L12: -3 | M12: 4 | N12: -3 | O12: -3 | P12: -3 | Q12: 1 | R12: 2 | S12: 4 | T12: 1 | U12: -1 | V12: 2 | W12: 2 | X12: 2 | Y12: -3 | Z12: 1 | AA12: -4 | AB12: -2 | AC12: 2 | AD12: 1 | AE12: 2 | AF12: 3 | AG12: 2 | AH12: -2 | AI12: 3 | AJ12: 1 | AK12: -2 | AL12: 1 | AM12: 2 | AN12: -4 | AO12: 1 | AP12: -4 | AQ12: 2 | AR12: -3 | AS12: -1 | AT12: 1 | AU12: 3 | AV12: -1
A13: 3 | B13: 2 | C13: -3 | D13: 1 | E13: 3 | F13: -1 | G13: 1 | H13: 4 | I13: 2 | J13: 3 | K13: 4 | L13: 1 | M13: 4 | N13: 3 | O13: 4 | P13: -3 | Q13: 1 | R13: 3 | S13: 1 | T13: 2 | U13: 3 | V13: 2 | W13: 4 | X13: 2 | Y13: 3 | Z13: 3 | AA13: 2 | AB13: 3 | AC13: 2 | AD13: 4 | AE13: 4 | AF13: 2 | AG13: 3 | AH13: 4 | AI13: 4 | AJ13: 1 | AK13: 3 | AL13: -3 | AM13: 2 | AN13: 4 | AO13: 2 | AP13: -4 | AQ13: 4 | AR13: 4 | AS13: 1 | AT13: 3 | AU13: 3 | AV13: 3
A14: -3 | B14: -4 | C14: -4 | D14: -4 | E14: -3 | F14: -2 | G14: 2 | H14: -4 | I14: -3 | J14: -3 | K14: -4 | L14: -3 | M14: -4 | N14: -1 | O14: 1 | P14: -4 | Q14: -4 | R14: -3 | S14: -4 | T14: 1 | U14: -4 | V14: -4 | W14: -4 | X14: -2 | Y14: -1 | Z14: -2 | AA14: -2 | AB14: 3 | AC14: -4 | AD14: 3 | AE14: 2 | AF14: -4 | AG14: -3 | AH14: 3 | AI14: -3 | AJ14: -3 | AK14: -3 | AL14: -4 | AM14: 1 | AN14: 2 | AO14: -4 | AP14: -3 | AQ14: -1 | AR14: 2 | AS14: -3 | AT14: -3 | AU14: -3 | AV14: -2
A15: 1 | B15: -4 | C15: 2 | D15: -2 | E15: 2 | F15: 1 | G15: 3 | H15: 4 | I15: 1 | J15: 3 | K15: -4 | L15: -1 | M15: 4 | N15: 1 | O15: 4 | P15: -3 | Q15: -2 | R15: 3 | S15: -4 | T15: 1 | U15: 3 | V15: 4 | W15: 3 | X15: 2 | Y15: 2 | Z15: 3 | AA15: 3 | AB15: 2 | AC15: -3 | AD15: 4 | AE15: 3 | AF15: 2 | AG15: 4 | AH15: 4 | AI15: 3 | AJ15: 4 | AK15: 2 | AL15: 1 | AM15: 1 | AN15: -2 | AO15: 1 | AP15: 2 | AQ15: -3 | AR15: 3 | AS15: 1 | AT15: 3 | AU15: -4 | AV15: 3
A16: -2 | B16: -4 | C16: -3 | D16: -3 | E16: -2 | F16: -1 | G16: 1 | H16: -4 | I16: -3 | J16: 2 | K16: -4 | L16: 1 | M16: 2 | N16: 3 | O16: -1 | P16: 1 | Q16: 1 | R16: -2 | S16: 1 | T16: 1 | U16: 2 | V16: -1 | W16: 4 | X16: -1 | Y16: 3 | Z16: -1 | AA16: 2 | AB16: 3 | AC16: -4 | AD16: 4 | AE16: 3 | AF16: -3 | AG16: -3 | AH16: 4 | AI16: 1 | AJ16: -2 | AK16: -1 | AL16: -3 | AM16: 2 | AN16: 3 | AO16: -3 | AP16: -4 | AQ16: -2 | AR16: 1 | AS16: -1 | AT16: 1 | AU16: -2 | AV16: 2
A17: -1 | B17: -4 | C17: -4 | D17: -4 | E17: -4 | F17: -2 | G17: -3 | H17: -4 | I17: -3 | J17: -3 | K17: -3 | L17: -2 | M17: -3 | N17: -3 | O17: -3 | P17: -4 | Q17: -4 | R17: -1 | S17: 2 | T17: 1 | U17: -1 | V17: -1 | W17: -4 | X17: -2 | Y17: -3 | Z17: -4 | AA17: 1 | AB17: -1 | AC17: -4 | AD17: -4 | AE17: -2 | AF17: -4 | AG17: -3 | AH17: -2 | AI17: -3 | AJ17: -4 | AK17: -4 | AL17: -4 | AM17: 2 | AN17: -4 | AO17: -3 | AP17: -3 | AQ17: -4 | AR17: 2 | AS17: -4 | AT17: -1 | AU17: -4 | AV17: -1
A18: -1 | B18: -4 | C18: -2 | D18: 1 | E18: -2 | F18: -1 | G18: -3 | H18: -4 | I18: 2 | J18: 2 | K18: -4 | L18: -2 | M18: 2 | N18: -3 | O18: -1 | P18: -3 | Q18: -4 | R18: 2 | S18: 4 | T18: 1 | U18: 2 | V18: 1 | W18: -4 | X18: -1 | Y18: -3 | Z18: -3 | AA18: -3 | AB18: -3 | AC18: 1 | AD18: -3 | AE18: -2 | AF18: 1 | AG18: 3 | AH18: -2 | AI18: 3 | AJ18: 2 | AK18: -3 | AL18: -2 | AM18: 2 | AN18: -4 | AO18: -1 | AP18: 3 | AQ18: -3 | AR18: -3 | AS18: -3 | AT18: 1 | AU18: 3 | AV18: -1
A19: 2 | B19: -3 | C19: 2 | D19: -2 | E19: 1 | F19: 1 | G19: 1 | H19: -3 | I19: -2 | J19: -2 | K19: 4 | L19: -1 | M19: 4 | N19: -3 | O19: 1 | P19: 4 | Q19: -2 | R19: 2 | S19: 3 | T19: 1 | U19: 2 | V19: 1 | W19: -2 | X19: -1 | Y19: -2 | Z19: 3 | AA19: 1 | AB19: 3 | AC19: 1 | AD19: 2 | AE19: 2 | AF19: 2 | AG19: -3 | AH19: 2 | AI19: 3 | AJ19: -2 | AK19: 3 | AL19: 2 | AM19: 2 | AN19: 1 | AO19: 3 | AP19: 2 | AQ19: 3 | AR19: 3 | AS19: 2 | AT19: 2 | AU19: 3 | AV19: -2
... A260: 1 | B260: -4 | C260: 1 | D260: -3 | E260: -3 | F260: -1 | G260: 1 | H260: 2 | I260: -3 | J260: -3 | K260: -4 | L260: -1 | M260: -2 | N260: -2 | O260: -2 | P260: 3 | Q260: -3 | R260: 1 | S260: 3 | T260: 1 | U260: -1 | V260: 3 | W260: -4 | X260: 2 | Y260: 1 | Z260: 3 | AA260: 2 | AB260: -1 | AC260: -1 | AD260: -3 | AE260: -2 | AF260: -1 | AG260: -3 | AH260: 2 | AI260: -4 | AJ260: 2 | AK260: 2 | AL260: 2 | AM260: -1 | AN260: -4 | AO260: -4 | AP260: 2 | AQ260: -4 | AR260: -1 | AS260: -3 | AT260: 2 | AU260: 3 | AV260: -3
